timestamp,voltage,current,power,energy,status,appliance,source
2026-01-01 10:00:00,231.2,0.04,9.3,2.6e-06,ON,LED_Bulb,synthetic
2026-01-01 10:00:01,229.0,0.001,0.2,1e-07,OFF,LED_Bulb,synthetic
2026-01-01 10:00:02,229.0,0.04,9.1,2.5e-06,ON,LED_Bulb,synthetic
2026-01-01 10:00:03,228.8,0.039,8.9,2.5e-06,ON,LED_Bulb,synthetic
2026-01-01 10:00:04,228.8,0.038,8.8,2.4e-06,ON,LED_Bulb,synthetic
2026-01-01 10:00:05,231.1,0.041,9.6,2.7e-06,ON,LED_Bulb,synthetic
2026-01-01 10:00:06,230.8,0.039,9.1,2.5e-06,ON,LED_Bulb,synthetic
2026-01-01 10:00:07,228.9,0.038,8.7,2.4e-06,ON,LED_Bulb,synthetic
2026-01-01 10:00:08,229.7,0.038,8.8,2.4e-06,ON,LED_Bulb,synthetic
2026-01-01 10:00:09,231.1,0.001,0.2,0.0,OFF,LED_Bulb,synthetic
2026-01-01 10:00:10,228.5,0.038,8.8,2.4e-06,ON,LED_Bulb,synthetic
2026-01-01 10:00:11,229.1,0.04,9.1,2.5e-06,ON,LED_Bulb,synthetic
2026-01-01 10:00:12,229.3,0.042,9.5,2.6e-06,ON,LED_Bulb,synthetic
2026-01-01 10:00:13,230.8,0.042,9.6,2.7e-06,ON,LED_Bulb,synthetic
2026-01-01 10:00:14,229.8,0.038,8.8,2.4e-06,ON,LED_Bulb,synthetic
2026-01-01 10:00:15,228.7,0.038,8.7,2.4e-06,ON,LED_Bulb,synthetic
2026-01-01 10:00:16,229.3,0.041,9.5,2.6e-06,ON,LED_Bulb,synthetic
2026-01-01 10:00:17,228.8,0.04,9.2,2.6e-06,ON,LED_Bulb,synthetic
2026-01-01 10:00:18,231.3,0.0,0.1,0.0,OFF,LED_Bulb,synthetic
2026-01-01 10:00:19,231.2,0.04,9.1,2.5e-06,ON,LED_Bulb,synthetic
2026-01-01 10:00:20,228.9,0.042,9.6,2.7e-06,ON,LED_Bulb,synthetic
2026-01-01 10:00:21,229.2,0.04,9.1,2.5e-06,ON,LED_Bulb,synthetic
2026-01-01 10:00:22,229.4,0.041,9.4,2.6e-06,ON,LED_Bulb,synthetic
2026-01-01 10:00:23,229.5,0.042,9.6,2.7e-06,ON,LED_Bulb,synthetic
2026-01-01 10:00:24,230.7,0.039,9.1,2.5e-06,ON,LED_Bulb,synthetic
2026-01-01 10:00:25,229.6,0.039,8.9,2.5e-06,ON,LED_Bulb,synthetic
2026-01-01 10:00:26,231.2,0.001,0.1,0.0,OFF,LED_Bulb,synthetic
2026-01-01 10:00:27,229.0,0.001,0.2,1e-07,OFF,LED_Bulb,synthetic
2026-01-01 10:00:28,231.4,0.038,8.9,2.5e-06,ON,LED_Bulb,synthetic
2026-01-01 10:00:29,229.7,0.038,8.8,2.5e-06,ON,LED_Bulb,synthetic
2026-01-01 10:00:30,230.6,0.041,9.5,2.6e-06,ON,LED_Bulb,synthetic
2026-01-01 10:00:31,230.7,0.0,0.0,0.0,OFF,LED_Bulb,synthetic
2026-01-01 10:00:32,229.3,0.042,9.6,2.7e-06,ON,LED_Bulb,synthetic
2026-01-01 10:00:33,231.4,0.041,9.4,2.6e-06,ON,LED_Bulb,synthetic
2026-01-01 10:00:34,231.0,0.039,8.9,2.5e-06,ON,LED_Bulb,synthetic
2026-01-01 10:00:35,231.5,0.042,9.7,2.7e-06,ON,LED_Bulb,synthetic
2026-01-01 10:00:36,228.9,0.04,9.2,2.6e-06,ON,LED_Bulb,synthetic
2026-01-01 10:00:37,230.9,0.04,9.2,2.6e-06,ON,LED_Bulb,synthetic
2026-01-01 10:00:38,229.4,0.04,9.2,2.6e-06,ON,LED_Bulb,synthetic
2026-01-01 10:00:39,230.3,0.038,8.8,2.4e-06,ON,LED_Bulb,synthetic
2026-01-01 10:00:40,231.1,0.039,9.0,2.5e-06,ON,LED_Bulb,synthetic
2026-01-01 10:00:41,229.3,0.042,9.6,2.7e-06,ON,LED_Bulb,synthetic
2026-01-01 10:00:42,229.3,0.04,9.1,2.5e-06,ON,LED_Bulb,synthetic
2026-01-01 10:00:43,229.8,0.038,8.8,2.5e-06,ON,LED_Bulb,synthetic
2026-01-01 10:00:44,230.8,0.042,9.6,2.7e-06,ON,LED_Bulb,synthetic
2026-01-01 10:00:45,230.2,0.041,9.4,2.6e-06,ON,LED_Bulb,synthetic
2026-01-01 10:00:46,229.0,0.0,0.1,0.0,OFF,LED_Bulb,synthetic
2026-01-01 10:00:47,229.7,0.04,9.2,2.6e-06,ON,LED_Bulb,synthetic
2026-01-01 10:00:48,230.5,0.042,9.6,2.7e-06,ON,LED_Bulb,synthetic
2026-01-01 10:00:49,231.0,0.04,9.2,2.6e-06,ON,LED_Bulb,synthetic
2026-01-01 10:00:50,229.8,0.039,9.0,2.5e-06,ON,LED_Bulb,synthetic
2026-01-01 10:00:51,230.9,0.04,9.3,2.6e-06,ON,LED_Bulb,synthetic
2026-01-01 10:00:52,228.6,0.041,9.3,2.6e-06,ON,LED_Bulb,synthetic
2026-01-01 10:00:53,229.1,0.041,9.3,2.6e-06,ON,LED_Bulb,synthetic
2026-01-01 10:00:54,230.7,0.042,9.7,2.7e-06,ON,LED_Bulb,synthetic
2026-01-01 10:00:55,229.2,0.039,9.0,2.5e-06,ON,LED_Bulb,synthetic
2026-01-01 10:00:56,229.8,0.038,8.8,2.4e-06,ON,LED_Bulb,synthetic
2026-01-01 10:00:57,230.8,0.04,9.3,2.6e-06,ON,LED_Bulb,synthetic
2026-01-01 10:00:58,231.2,0.038,8.8,2.4e-06,ON,LED_Bulb,synthetic
2026-01-01 10:00:59,229.3,0.04,9.2,2.6e-06,ON,LED_Bulb,synthetic
2026-01-01 10:01:00,229.2,0.042,9.6,2.7e-06,ON,LED_Bulb,synthetic
2026-01-01 10:01:01,229.8,0.0,0.1,0.0,OFF,LED_Bulb,synthetic
2026-01-01 10:01:02,230.2,0.039,9.0,2.5e-06,ON,LED_Bulb,synthetic
2026-01-01 10:01:03,231.1,0.001,0.2,1e-07,OFF,LED_Bulb,synthetic
2026-01-01 10:01:04,230.9,0.04,9.2,2.6e-06,ON,LED_Bulb,synthetic
2026-01-01 10:01:05,230.5,0.039,8.9,2.5e-06,ON,LED_Bulb,synthetic
2026-01-01 10:01:06,228.8,0.041,9.4,2.6e-06,ON,LED_Bulb,synthetic
2026-01-01 10:01:07,229.8,0.04,9.3,2.6e-06,ON,LED_Bulb,synthetic
2026-01-01 10:01:08,230.6,0.041,9.5,2.6e-06,ON,LED_Bulb,synthetic
2026-01-01 10:01:09,231.2,0.04,9.3,2.6e-06,ON,LED_Bulb,synthetic
2026-01-01 10:01:10,230.8,0.038,8.8,2.5e-06,ON,LED_Bulb,synthetic
2026-01-01 10:01:11,230.3,0.04,9.3,2.6e-06,ON,LED_Bulb,synthetic
2026-01-01 10:01:12,230.9,0.039,8.9,2.5e-06,ON,LED_Bulb,synthetic
2026-01-01 10:01:13,231.2,0.038,8.8,2.5e-06,ON,LED_Bulb,synthetic
2026-01-01 10:01:14,229.4,0.041,9.4,2.6e-06,ON,LED_Bulb,synthetic
2026-01-01 10:01:15,229.5,0.04,9.3,2.6e-06,ON,LED_Bulb,synthetic
2026-01-01 10:01:16,229.6,0.04,9.1,2.5e-06,ON,LED_Bulb,synthetic
2026-01-01 10:01:17,230.8,0.04,9.1,2.5e-06,ON,LED_Bulb,synthetic
2026-01-01 10:01:18,230.5,0.001,0.2,1e-07,OFF,LED_Bulb,synthetic
2026-01-01 10:01:19,231.2,0.0,0.0,0.0,OFF,LED_Bulb,synthetic
2026-01-01 10:01:20,228.8,0.001,0.2,1e-07,OFF,LED_Bulb,synthetic
2026-01-01 10:01:21,229.8,0.041,9.3,2.6e-06,ON,LED_Bulb,synthetic
2026-01-01 10:01:22,230.7,0.039,8.9,2.5e-06,ON,LED_Bulb,synthetic
2026-01-01 10:01:23,229.2,0.041,9.4,2.6e-06,ON,LED_Bulb,synthetic
2026-01-01 10:01:24,231.2,0.039,9.0,2.5e-06,ON,LED_Bulb,synthetic
2026-01-01 10:01:25,230.3,0.041,9.5,2.6e-06,ON,LED_Bulb,synthetic
2026-01-01 10:01:26,231.1,0.041,9.5,2.7e-06,ON,LED_Bulb,synthetic
2026-01-01 10:01:27,229.7,0.039,9.0,2.5e-06,ON,LED_Bulb,synthetic
2026-01-01 10:01:28,229.1,0.0,0.0,0.0,OFF,LED_Bulb,synthetic
2026-01-01 10:01:29,231.4,0.001,0.2,0.0,OFF,LED_Bulb,synthetic
2026-01-01 10:01:30,230.1,0.038,8.8,2.4e-06,ON,LED_Bulb,synthetic
2026-01-01 10:01:31,231.4,0.04,9.3,2.6e-06,ON,LED_Bulb,synthetic
2026-01-01 10:01:32,230.2,0.038,8.8,2.4e-06,ON,LED_Bulb,synthetic
2026-01-01 10:01:33,231.4,0.0,0.0,0.0,OFF,LED_Bulb,synthetic
2026-01-01 10:01:34,230.9,0.039,9.0,2.5e-06,ON,LED_Bulb,synthetic
2026-01-01 10:01:35,230.4,0.04,9.2,2.6e-06,ON,LED_Bulb,synthetic
2026-01-01 10:01:36,230.1,0.039,9.0,2.5e-06,ON,LED_Bulb,synthetic
2026-01-01 10:01:37,230.3,0.041,9.4,2.6e-06,ON,LED_Bulb,synthetic
2026-01-01 10:01:38,228.8,0.001,0.1,0.0,OFF,LED_Bulb,synthetic
2026-01-01 10:01:39,230.0,0.041,9.4,2.6e-06,ON,LED_Bulb,synthetic
2026-01-01 10:01:40,231.0,0.001,0.2,1e-07,OFF,LED_Bulb,synthetic
2026-01-01 10:01:41,229.0,0.041,9.5,2.6e-06,ON,LED_Bulb,synthetic
2026-01-01 10:01:42,230.5,0.042,9.6,2.7e-06,ON,LED_Bulb,synthetic
2026-01-01 10:01:43,231.4,0.038,8.8,2.5e-06,ON,LED_Bulb,synthetic
2026-01-01 10:01:44,231.5,0.04,9.3,2.6e-06,ON,LED_Bulb,synthetic
2026-01-01 10:01:45,229.9,0.039,8.9,2.5e-06,ON,LED_Bulb,synthetic
2026-01-01 10:01:46,230.1,0.042,9.6,2.7e-06,ON,LED_Bulb,synthetic
2026-01-01 10:01:47,229.9,0.001,0.1,0.0,OFF,LED_Bulb,synthetic
2026-01-01 10:01:48,229.4,0.04,9.3,2.6e-06,ON,LED_Bulb,synthetic
2026-01-01 10:01:49,229.3,0.04,9.2,2.6e-06,ON,LED_Bulb,synthetic
2026-01-01 10:01:50,229.8,0.04,9.1,2.5e-06,ON,LED_Bulb,synthetic
2026-01-01 10:01:51,228.7,0.04,9.2,2.6e-06,ON,LED_Bulb,synthetic
2026-01-01 10:01:52,229.4,0.0,0.1,0.0,OFF,LED_Bulb,synthetic
2026-01-01 10:01:53,229.6,0.04,9.2,2.5e-06,ON,LED_Bulb,synthetic
2026-01-01 10:01:54,229.5,0.04,9.3,2.6e-06,ON,LED_Bulb,synthetic
2026-01-01 10:01:55,229.2,0.041,9.3,2.6e-06,ON,LED_Bulb,synthetic
2026-01-01 10:01:56,230.7,0.041,9.4,2.6e-06,ON,LED_Bulb,synthetic
2026-01-01 10:01:57,228.9,0.0,0.1,0.0,OFF,LED_Bulb,synthetic
2026-01-01 10:01:58,228.6,0.038,8.7,2.4e-06,ON,LED_Bulb,synthetic
2026-01-01 10:01:59,228.8,0.04,9.2,2.6e-06,ON,LED_Bulb,synthetic
2026-01-01 10:02:00,228.7,0.041,9.4,2.6e-06,ON,LED_Bulb,synthetic
2026-01-01 10:02:01,230.1,0.039,9.0,2.5e-06,ON,LED_Bulb,synthetic
2026-01-01 10:02:02,229.9,0.04,9.2,2.6e-06,ON,LED_Bulb,synthetic
2026-01-01 10:02:03,229.9,0.0,0.1,0.0,OFF,LED_Bulb,synthetic
2026-01-01 10:02:04,231.2,0.042,9.7,2.7e-06,ON,LED_Bulb,synthetic
2026-01-01 10:02:05,230.6,0.04,9.2,2.6e-06,ON,LED_Bulb,synthetic
2026-01-01 10:02:06,229.0,0.04,9.0,2.5e-06,ON,LED_Bulb,synthetic
2026-01-01 10:02:07,230.7,0.038,8.8,2.4e-06,ON,LED_Bulb,synthetic
2026-01-01 10:02:08,228.8,0.0,0.0,0.0,OFF,LED_Bulb,synthetic
2026-01-01 10:02:09,230.8,0.04,9.3,2.6e-06,ON,LED_Bulb,synthetic
2026-01-01 10:02:10,229.8,0.04,9.2,2.6e-06,ON,LED_Bulb,synthetic
2026-01-01 10:02:11,229.8,0.0,0.0,0.0,OFF,LED_Bulb,synthetic
2026-01-01 10:02:12,229.7,0.039,8.9,2.5e-06,ON,LED_Bulb,synthetic
2026-01-01 10:02:13,228.8,0.04,9.2,2.6e-06,ON,LED_Bulb,synthetic
2026-01-01 10:02:14,228.6,0.0,0.1,0.0,OFF,LED_Bulb,synthetic
2026-01-01 10:02:15,230.3,0.041,9.3,2.6e-06,ON,LED_Bulb,synthetic
2026-01-01 10:02:16,230.4,0.041,9.4,2.6e-06,ON,LED_Bulb,synthetic
2026-01-01 10:02:17,230.5,0.0,0.0,0.0,OFF,LED_Bulb,synthetic
2026-01-01 10:02:18,229.9,0.038,8.8,2.4e-06,ON,LED_Bulb,synthetic
2026-01-01 10:02:19,229.7,0.038,8.8,2.4e-06,ON,LED_Bulb,synthetic
2026-01-01 10:02:20,229.8,0.041,9.5,2.6e-06,ON,LED_Bulb,synthetic
2026-01-01 10:02:21,228.7,0.041,9.4,2.6e-06,ON,LED_Bulb,synthetic
2026-01-01 10:02:22,229.5,0.039,8.9,2.5e-06,ON,LED_Bulb,synthetic
2026-01-01 10:02:23,229.2,0.04,9.1,2.5e-06,ON,LED_Bulb,synthetic
2026-01-01 10:02:24,230.2,0.041,9.5,2.6e-06,ON,LED_Bulb,synthetic
2026-01-01 10:02:25,230.1,0.04,9.2,2.6e-06,ON,LED_Bulb,synthetic
2026-01-01 10:02:26,229.3,0.041,9.3,2.6e-06,ON,LED_Bulb,synthetic
2026-01-01 10:02:27,229.1,0.001,0.2,1e-07,OFF,LED_Bulb,synthetic
2026-01-01 10:02:28,229.0,0.041,9.3,2.6e-06,ON,LED_Bulb,synthetic
2026-01-01 10:02:29,229.1,0.042,9.5,2.6e-06,ON,LED_Bulb,synthetic
2026-01-01 10:02:30,230.8,0.041,9.3,2.6e-06,ON,LED_Bulb,synthetic
2026-01-01 10:02:31,231.3,0.041,9.6,2.7e-06,ON,LED_Bulb,synthetic
2026-01-01 10:02:32,230.0,0.042,9.6,2.7e-06,ON,LED_Bulb,synthetic
2026-01-01 10:02:33,229.9,0.04,9.1,2.5e-06,ON,LED_Bulb,synthetic
2026-01-01 10:02:34,229.4,0.041,9.3,2.6e-06,ON,LED_Bulb,synthetic
2026-01-01 10:02:35,231.2,0.038,8.8,2.4e-06,ON,LED_Bulb,synthetic
2026-01-01 10:02:36,231.1,0.04,9.4,2.6e-06,ON,LED_Bulb,synthetic
2026-01-01 10:02:37,230.1,0.039,9.0,2.5e-06,ON,LED_Bulb,synthetic
2026-01-01 10:02:38,231.3,0.042,9.7,2.7e-06,ON,LED_Bulb,synthetic
2026-01-01 10:02:39,229.0,0.039,8.9,2.5e-06,ON,LED_Bulb,synthetic
2026-01-01 10:02:40,228.5,0.0,0.0,0.0,OFF,LED_Bulb,synthetic
2026-01-01 10:02:41,231.2,0.0,0.0,0.0,OFF,LED_Bulb,synthetic
2026-01-01 10:02:42,231.0,0.041,9.4,2.6e-06,ON,LED_Bulb,synthetic
2026-01-01 10:02:43,229.0,0.04,9.3,2.6e-06,ON,LED_Bulb,synthetic
2026-01-01 10:02:44,229.8,0.04,9.3,2.6e-06,ON,LED_Bulb,synthetic
2026-01-01 10:02:45,229.6,0.038,8.8,2.4e-06,ON,LED_Bulb,synthetic
2026-01-01 10:02:46,229.8,0.0,0.0,0.0,OFF,LED_Bulb,synthetic
2026-01-01 10:02:47,230.1,0.039,9.0,2.5e-06,ON,LED_Bulb,synthetic
2026-01-01 10:02:48,231.2,0.04,9.3,2.6e-06,ON,LED_Bulb,synthetic
2026-01-01 10:02:49,229.9,0.038,8.8,2.4e-06,ON,LED_Bulb,synthetic
2026-01-01 10:02:50,229.4,0.04,9.2,2.6e-06,ON,LED_Bulb,synthetic
2026-01-01 10:02:51,230.5,0.001,0.2,1e-07,OFF,LED_Bulb,synthetic
2026-01-01 10:02:52,230.9,0.041,9.5,2.7e-06,ON,LED_Bulb,synthetic
2026-01-01 10:02:53,230.3,0.0,0.1,0.0,OFF,LED_Bulb,synthetic
2026-01-01 10:02:54,228.8,0.04,9.2,2.6e-06,ON,LED_Bulb,synthetic
2026-01-01 10:02:55,230.1,0.001,0.2,1e-07,OFF,LED_Bulb,synthetic
2026-01-01 10:02:56,230.3,0.041,9.5,2.6e-06,ON,LED_Bulb,synthetic
2026-01-01 10:02:57,228.7,0.039,9.0,2.5e-06,ON,LED_Bulb,synthetic
2026-01-01 10:02:58,229.9,0.04,9.3,2.6e-06,ON,LED_Bulb,synthetic
2026-01-01 10:02:59,231.2,0.0,0.1,0.0,OFF,LED_Bulb,synthetic
2026-01-01 10:03:00,229.5,0.042,9.5,2.7e-06,ON,LED_Bulb,synthetic
2026-01-01 10:03:01,230.4,0.039,9.1,2.5e-06,ON,LED_Bulb,synthetic
2026-01-01 10:03:02,228.9,0.04,9.1,2.5e-06,ON,LED_Bulb,synthetic
2026-01-01 10:03:03,229.9,0.041,9.4,2.6e-06,ON,LED_Bulb,synthetic
2026-01-01 10:03:04,230.1,0.04,9.2,2.6e-06,ON,LED_Bulb,synthetic
2026-01-01 10:03:05,230.6,0.039,9.0,2.5e-06,ON,LED_Bulb,synthetic
2026-01-01 10:03:06,230.8,0.04,9.3,2.6e-06,ON,LED_Bulb,synthetic
2026-01-01 10:03:07,230.5,0.038,8.9,2.5e-06,ON,LED_Bulb,synthetic
2026-01-01 10:03:08,229.7,0.04,9.3,2.6e-06,ON,LED_Bulb,synthetic
2026-01-01 10:03:09,231.0,0.038,8.9,2.5e-06,ON,LED_Bulb,synthetic
2026-01-01 10:03:10,229.9,0.038,8.8,2.5e-06,ON,LED_Bulb,synthetic
2026-01-01 10:03:11,231.5,0.042,9.7,2.7e-06,ON,LED_Bulb,synthetic
2026-01-01 10:03:12,230.2,0.041,9.4,2.6e-06,ON,LED_Bulb,synthetic
2026-01-01 10:03:13,229.1,0.041,9.4,2.6e-06,ON,LED_Bulb,synthetic
2026-01-01 10:03:14,229.6,0.04,9.2,2.6e-06,ON,LED_Bulb,synthetic
2026-01-01 10:03:15,231.4,0.04,9.2,2.6e-06,ON,LED_Bulb,synthetic
2026-01-01 10:03:16,231.2,0.041,9.4,2.6e-06,ON,LED_Bulb,synthetic
2026-01-01 10:03:17,229.3,0.039,8.9,2.5e-06,ON,LED_Bulb,synthetic
2026-01-01 10:03:18,228.7,0.039,8.9,2.5e-06,ON,LED_Bulb,synthetic
2026-01-01 10:03:19,229.8,0.04,9.2,2.5e-06,ON,LED_Bulb,synthetic
2026-01-01 10:03:20,230.9,0.041,9.5,2.6e-06,ON,LED_Bulb,synthetic
2026-01-01 10:03:21,229.2,0.041,9.4,2.6e-06,ON,LED_Bulb,synthetic
2026-01-01 10:03:22,228.7,0.041,9.3,2.6e-06,ON,LED_Bulb,synthetic
2026-01-01 10:03:23,228.6,0.0,0.1,0.0,OFF,LED_Bulb,synthetic
2026-01-01 10:03:24,229.3,0.039,9.0,2.5e-06,ON,LED_Bulb,synthetic
2026-01-01 10:03:25,228.7,0.001,0.2,1e-07,OFF,LED_Bulb,synthetic
2026-01-01 10:03:26,230.2,0.041,9.4,2.6e-06,ON,LED_Bulb,synthetic
2026-01-01 10:03:27,230.7,0.039,9.1,2.5e-06,ON,LED_Bulb,synthetic
2026-01-01 10:03:28,230.1,0.042,9.6,2.7e-06,ON,LED_Bulb,synthetic
2026-01-01 10:03:29,231.0,0.041,9.4,2.6e-06,ON,LED_Bulb,synthetic
2026-01-01 10:03:30,229.8,0.001,0.2,0.0,OFF,LED_Bulb,synthetic
2026-01-01 10:03:31,229.8,0.04,9.2,2.5e-06,ON,LED_Bulb,synthetic
2026-01-01 10:03:32,230.0,0.038,8.8,2.5e-06,ON,LED_Bulb,synthetic
2026-01-01 10:03:33,229.4,0.042,9.6,2.7e-06,ON,LED_Bulb,synthetic
2026-01-01 10:03:34,230.0,0.001,0.2,1e-07,OFF,LED_Bulb,synthetic
2026-01-01 10:03:35,230.6,0.039,8.9,2.5e-06,ON,LED_Bulb,synthetic
2026-01-01 10:03:36,228.7,0.042,9.6,2.7e-06,ON,LED_Bulb,synthetic
2026-01-01 10:03:37,229.0,0.04,9.1,2.5e-06,ON,LED_Bulb,synthetic
2026-01-01 10:03:38,230.9,0.039,9.0,2.5e-06,ON,LED_Bulb,synthetic
2026-01-01 10:03:39,231.3,0.039,9.1,2.5e-06,ON,LED_Bulb,synthetic
2026-01-01 10:03:40,231.4,0.04,9.2,2.5e-06,ON,LED_Bulb,synthetic
2026-01-01 10:03:41,229.7,0.001,0.2,1e-07,OFF,LED_Bulb,synthetic
2026-01-01 10:03:42,229.5,0.001,0.2,1e-07,OFF,LED_Bulb,synthetic
2026-01-01 10:03:43,231.0,0.039,9.1,2.5e-06,ON,LED_Bulb,synthetic
2026-01-01 10:03:44,230.8,0.04,9.3,2.6e-06,ON,LED_Bulb,synthetic
2026-01-01 10:03:45,231.1,0.042,9.7,2.7e-06,ON,LED_Bulb,synthetic
2026-01-01 10:03:46,229.5,0.04,9.1,2.5e-06,ON,LED_Bulb,synthetic
2026-01-01 10:03:47,228.7,0.038,8.7,2.4e-06,ON,LED_Bulb,synthetic
2026-01-01 10:03:48,229.4,0.041,9.4,2.6e-06,ON,LED_Bulb,synthetic
2026-01-01 10:03:49,229.7,0.04,9.2,2.6e-06,ON,LED_Bulb,synthetic
2026-01-01 10:03:50,230.6,0.0,0.0,0.0,OFF,LED_Bulb,synthetic
2026-01-01 10:03:51,231.4,0.042,9.6,2.7e-06,ON,LED_Bulb,synthetic
2026-01-01 10:03:52,230.8,0.001,0.1,0.0,OFF,LED_Bulb,synthetic
2026-01-01 10:03:53,231.1,0.039,9.0,2.5e-06,ON,LED_Bulb,synthetic
2026-01-01 10:03:54,231.0,0.038,8.8,2.4e-06,ON,LED_Bulb,synthetic
2026-01-01 10:03:55,229.6,0.039,8.9,2.5e-06,ON,LED_Bulb,synthetic
2026-01-01 10:03:56,230.2,0.042,9.6,2.7e-06,ON,LED_Bulb,synthetic
2026-01-01 10:03:57,229.4,0.04,9.2,2.6e-06,ON,LED_Bulb,synthetic
2026-01-01 10:03:58,230.1,0.04,9.2,2.6e-06,ON,LED_Bulb,synthetic
2026-01-01 10:03:59,230.2,0.04,9.2,2.5e-06,ON,LED_Bulb,synthetic
2026-01-01 10:04:00,229.6,0.042,9.5,2.6e-06,ON,LED_Bulb,synthetic
2026-01-01 10:04:01,230.6,0.041,9.5,2.6e-06,ON,LED_Bulb,synthetic
2026-01-01 10:04:02,230.4,0.038,8.8,2.5e-06,ON,LED_Bulb,synthetic
2026-01-01 10:04:03,230.9,0.001,0.2,1e-07,OFF,LED_Bulb,synthetic
2026-01-01 10:04:04,229.8,0.041,9.4,2.6e-06,ON,LED_Bulb,synthetic
2026-01-01 10:04:05,229.1,0.0,0.1,0.0,OFF,LED_Bulb,synthetic
2026-01-01 10:04:06,229.1,0.041,9.4,2.6e-06,ON,LED_Bulb,synthetic
2026-01-01 10:04:07,229.0,0.001,0.2,1e-07,OFF,LED_Bulb,synthetic
2026-01-01 10:04:08,228.7,0.001,0.2,1e-07,OFF,LED_Bulb,synthetic
2026-01-01 10:04:09,229.7,0.041,9.5,2.6e-06,ON,LED_Bulb,synthetic
2026-01-01 10:04:10,231.2,0.039,9.0,2.5e-06,ON,LED_Bulb,synthetic
2026-01-01 10:04:11,229.0,0.041,9.4,2.6e-06,ON,LED_Bulb,synthetic
2026-01-01 10:04:12,231.1,0.041,9.5,2.6e-06,ON,LED_Bulb,synthetic
2026-01-01 10:04:13,229.7,0.039,9.1,2.5e-06,ON,LED_Bulb,synthetic
2026-01-01 10:04:14,231.5,0.042,9.7,2.7e-06,ON,LED_Bulb,synthetic
2026-01-01 10:04:15,229.8,0.04,9.1,2.5e-06,ON,LED_Bulb,synthetic
2026-01-01 10:04:16,230.1,0.001,0.1,0.0,OFF,LED_Bulb,synthetic
2026-01-01 10:04:17,228.7,0.038,8.7,2.4e-06,ON,LED_Bulb,synthetic
2026-01-01 10:04:18,228.7,0.041,9.5,2.6e-06,ON,LED_Bulb,synthetic
2026-01-01 10:04:19,228.6,0.041,9.4,2.6e-06,ON,LED_Bulb,synthetic
2026-01-01 10:04:20,229.4,0.041,9.4,2.6e-06,ON,LED_Bulb,synthetic
2026-01-01 10:04:21,231.0,0.039,9.1,2.5e-06,ON,LED_Bulb,synthetic
2026-01-01 10:04:22,231.0,0.038,8.8,2.4e-06,ON,LED_Bulb,synthetic
2026-01-01 10:04:23,228.5,0.041,9.3,2.6e-06,ON,LED_Bulb,synthetic
2026-01-01 10:04:24,228.9,0.04,9.2,2.6e-06,ON,LED_Bulb,synthetic
2026-01-01 10:04:25,228.7,0.039,9.0,2.5e-06,ON,LED_Bulb,synthetic
2026-01-01 10:04:26,231.3,0.042,9.7,2.7e-06,ON,LED_Bulb,synthetic
2026-01-01 10:04:27,230.1,0.041,9.5,2.6e-06,ON,LED_Bulb,synthetic
2026-01-01 10:04:28,231.5,0.042,9.6,2.7e-06,ON,LED_Bulb,synthetic
2026-01-01 10:04:29,231.3,0.038,8.8,2.5e-06,ON,LED_Bulb,synthetic
2026-01-01 10:04:30,231.3,0.039,9.1,2.5e-06,ON,LED_Bulb,synthetic
2026-01-01 10:04:31,230.7,0.039,9.0,2.5e-06,ON,LED_Bulb,synthetic
2026-01-01 10:04:32,229.1,0.038,8.8,2.4e-06,ON,LED_Bulb,synthetic
2026-01-01 10:04:33,228.5,0.04,9.2,2.6e-06,ON,LED_Bulb,synthetic
2026-01-01 10:04:34,230.2,0.04,9.2,2.6e-06,ON,LED_Bulb,synthetic
2026-01-01 10:04:35,230.0,0.0,0.1,0.0,OFF,LED_Bulb,synthetic
2026-01-01 10:04:36,230.3,0.042,9.6,2.7e-06,ON,LED_Bulb,synthetic
2026-01-01 10:04:37,230.2,0.001,0.2,1e-07,OFF,LED_Bulb,synthetic
2026-01-01 10:04:38,230.4,0.001,0.1,0.0,OFF,LED_Bulb,synthetic
2026-01-01 10:04:39,229.6,0.039,8.9,2.5e-06,ON,LED_Bulb,synthetic
2026-01-01 10:04:40,231.4,0.041,9.4,2.6e-06,ON,LED_Bulb,synthetic
2026-01-01 10:04:41,231.3,0.041,9.5,2.6e-06,ON,LED_Bulb,synthetic
2026-01-01 10:04:42,231.5,0.001,0.2,1e-07,OFF,LED_Bulb,synthetic
2026-01-01 10:04:43,230.5,0.039,8.9,2.5e-06,ON,LED_Bulb,synthetic
2026-01-01 10:04:44,229.4,0.039,9.0,2.5e-06,ON,LED_Bulb,synthetic
2026-01-01 10:04:45,229.1,0.0,0.1,0.0,OFF,LED_Bulb,synthetic
2026-01-01 10:04:46,230.4,0.039,8.9,2.5e-06,ON,LED_Bulb,synthetic
2026-01-01 10:04:47,230.6,0.0,0.1,0.0,OFF,LED_Bulb,synthetic
2026-01-01 10:04:48,230.7,0.04,9.2,2.6e-06,ON,LED_Bulb,synthetic
2026-01-01 10:04:49,229.5,0.038,8.8,2.4e-06,ON,LED_Bulb,synthetic
2026-01-01 10:04:50,229.0,0.001,0.1,0.0,OFF,LED_Bulb,synthetic
2026-01-01 10:04:51,229.2,0.04,9.2,2.6e-06,ON,LED_Bulb,synthetic
2026-01-01 10:04:52,230.0,0.041,9.3,2.6e-06,ON,LED_Bulb,synthetic
2026-01-01 10:04:53,229.1,0.041,9.3,2.6e-06,ON,LED_Bulb,synthetic
2026-01-01 10:04:54,230.0,0.038,8.8,2.4e-06,ON,LED_Bulb,synthetic
2026-01-01 10:04:55,229.6,0.04,9.3,2.6e-06,ON,LED_Bulb,synthetic
2026-01-01 10:04:56,229.9,0.039,8.9,2.5e-06,ON,LED_Bulb,synthetic
2026-01-01 10:04:57,229.6,0.042,9.5,2.7e-06,ON,LED_Bulb,synthetic
2026-01-01 10:04:58,231.1,0.039,9.1,2.5e-06,ON,LED_Bulb,synthetic
2026-01-01 10:04:59,229.7,0.041,9.5,2.6e-06,ON,LED_Bulb,synthetic
2026-01-01 10:05:00,229.6,0.041,9.3,2.6e-06,ON,LED_Bulb,synthetic
2026-01-01 10:05:01,229.5,0.039,8.9,2.5e-06,ON,LED_Bulb,synthetic
2026-01-01 10:05:02,229.4,0.04,9.1,2.5e-06,ON,LED_Bulb,synthetic
2026-01-01 10:05:03,229.7,0.041,9.4,2.6e-06,ON,LED_Bulb,synthetic
2026-01-01 10:05:04,231.1,0.039,9.1,2.5e-06,ON,LED_Bulb,synthetic
2026-01-01 10:05:05,229.9,0.04,9.1,2.5e-06,ON,LED_Bulb,synthetic
2026-01-01 10:05:06,230.9,0.041,9.4,2.6e-06,ON,LED_Bulb,synthetic
2026-01-01 10:05:07,231.1,0.041,9.4,2.6e-06,ON,LED_Bulb,synthetic
2026-01-01 10:05:08,230.7,0.039,9.0,2.5e-06,ON,LED_Bulb,synthetic
2026-01-01 10:05:09,229.3,0.04,9.2,2.6e-06,ON,LED_Bulb,synthetic
2026-01-01 10:05:10,230.0,0.039,9.1,2.5e-06,ON,LED_Bulb,synthetic
2026-01-01 10:05:11,228.6,0.039,9.0,2.5e-06,ON,LED_Bulb,synthetic
2026-01-01 10:05:12,228.9,0.041,9.4,2.6e-06,ON,LED_Bulb,synthetic
2026-01-01 10:05:13,228.8,0.041,9.4,2.6e-06,ON,LED_Bulb,synthetic
2026-01-01 10:05:14,229.7,0.001,0.1,0.0,OFF,LED_Bulb,synthetic
2026-01-01 10:05:15,228.9,0.001,0.1,0.0,OFF,LED_Bulb,synthetic
2026-01-01 10:05:16,229.5,0.042,9.6,2.7e-06,ON,LED_Bulb,synthetic
2026-01-01 10:05:17,231.0,0.039,8.9,2.5e-06,ON,LED_Bulb,synthetic
2026-01-01 10:05:18,229.9,0.042,9.6,2.7e-06,ON,LED_Bulb,synthetic
2026-01-01 10:05:19,229.7,0.041,9.4,2.6e-06,ON,LED_Bulb,synthetic
2026-01-01 10:05:20,230.7,0.041,9.5,2.6e-06,ON,LED_Bulb,synthetic
2026-01-01 10:05:21,230.4,0.041,9.5,2.6e-06,ON,LED_Bulb,synthetic
2026-01-01 10:05:22,229.9,0.04,9.2,2.6e-06,ON,LED_Bulb,synthetic
2026-01-01 10:05:23,228.6,0.04,9.2,2.6e-06,ON,LED_Bulb,synthetic
2026-01-01 10:05:24,229.5,0.041,9.3,2.6e-06,ON,LED_Bulb,synthetic
2026-01-01 10:05:25,231.0,0.039,9.0,2.5e-06,ON,LED_Bulb,synthetic
2026-01-01 10:05:26,229.2,0.041,9.5,2.6e-06,ON,LED_Bulb,synthetic
2026-01-01 10:05:27,228.5,0.041,9.3,2.6e-06,ON,LED_Bulb,synthetic
2026-01-01 10:05:28,229.2,0.038,8.7,2.4e-06,ON,LED_Bulb,synthetic
2026-01-01 10:05:29,228.7,0.039,8.9,2.5e-06,ON,LED_Bulb,synthetic
2026-01-01 10:05:30,231.0,0.001,0.2,1e-07,OFF,LED_Bulb,synthetic
2026-01-01 10:05:31,229.6,0.041,9.5,2.6e-06,ON,LED_Bulb,synthetic
2026-01-01 10:05:32,229.7,0.0,0.1,0.0,OFF,LED_Bulb,synthetic
2026-01-01 10:05:33,230.6,0.042,9.6,2.7e-06,ON,LED_Bulb,synthetic
2026-01-01 10:05:34,230.6,0.04,9.2,2.6e-06,ON,LED_Bulb,synthetic
2026-01-01 10:05:35,229.1,0.0,0.1,0.0,OFF,LED_Bulb,synthetic
2026-01-01 10:05:36,230.8,0.0,0.0,0.0,OFF,LED_Bulb,synthetic
2026-01-01 10:05:37,228.6,0.039,8.9,2.5e-06,ON,LED_Bulb,synthetic
2026-01-01 10:05:38,230.2,0.04,9.2,2.6e-06,ON,LED_Bulb,synthetic
2026-01-01 10:05:39,230.6,0.04,9.1,2.5e-06,ON,LED_Bulb,synthetic
2026-01-01 10:05:40,229.5,0.0,0.0,0.0,OFF,LED_Bulb,synthetic
2026-01-01 10:05:41,230.7,0.041,9.6,2.7e-06,ON,LED_Bulb,synthetic
2026-01-01 10:05:42,230.5,0.0,0.1,0.0,OFF,LED_Bulb,synthetic
2026-01-01 10:05:43,229.3,0.039,9.0,2.5e-06,ON,LED_Bulb,synthetic
2026-01-01 10:05:44,231.1,0.04,9.2,2.6e-06,ON,LED_Bulb,synthetic
2026-01-01 10:05:45,229.2,0.001,0.2,0.0,OFF,LED_Bulb,synthetic
2026-01-01 10:05:46,230.7,0.001,0.2,1e-07,OFF,LED_Bulb,synthetic
2026-01-01 10:05:47,228.9,0.0,0.0,0.0,OFF,LED_Bulb,synthetic
2026-01-01 10:05:48,228.7,0.04,9.1,2.5e-06,ON,LED_Bulb,synthetic
2026-01-01 10:05:49,228.6,0.001,0.2,1e-07,OFF,LED_Bulb,synthetic
2026-01-01 10:05:50,229.8,0.04,9.1,2.5e-06,ON,LED_Bulb,synthetic
2026-01-01 10:05:51,229.0,0.04,9.2,2.6e-06,ON,LED_Bulb,synthetic
2026-01-01 10:05:52,230.4,0.001,0.2,1e-07,OFF,LED_Bulb,synthetic
2026-01-01 10:05:53,228.7,0.038,8.8,2.4e-06,ON,LED_Bulb,synthetic
2026-01-01 10:05:54,229.3,0.041,9.4,2.6e-06,ON,LED_Bulb,synthetic
2026-01-01 10:05:55,228.7,0.001,0.2,1e-07,OFF,LED_Bulb,synthetic
2026-01-01 10:05:56,229.7,0.04,9.2,2.5e-06,ON,LED_Bulb,synthetic
2026-01-01 10:05:57,228.5,0.042,9.6,2.7e-06,ON,LED_Bulb,synthetic
2026-01-01 10:05:58,229.2,0.001,0.2,1e-07,OFF,LED_Bulb,synthetic
2026-01-01 10:05:59,229.6,0.04,9.2,2.6e-06,ON,LED_Bulb,synthetic
2026-01-01 10:06:00,231.4,0.001,0.2,1e-07,OFF,LED_Bulb,synthetic
2026-01-01 10:06:01,231.0,0.04,9.3,2.6e-06,ON,LED_Bulb,synthetic
2026-01-01 10:06:02,228.6,0.04,9.2,2.6e-06,ON,LED_Bulb,synthetic
2026-01-01 10:06:03,229.5,0.001,0.2,0.0,OFF,LED_Bulb,synthetic
2026-01-01 10:06:04,231.3,0.001,0.2,1e-07,OFF,LED_Bulb,synthetic
2026-01-01 10:06:05,230.5,0.04,9.3,2.6e-06,ON,LED_Bulb,synthetic
2026-01-01 10:06:06,229.3,0.038,8.7,2.4e-06,ON,LED_Bulb,synthetic
2026-01-01 10:06:07,231.4,0.041,9.5,2.6e-06,ON,LED_Bulb,synthetic
2026-01-01 10:06:08,231.3,0.04,9.2,2.6e-06,ON,LED_Bulb,synthetic
2026-01-01 10:06:09,229.4,0.038,8.7,2.4e-06,ON,LED_Bulb,synthetic
2026-01-01 10:06:10,228.6,0.038,8.7,2.4e-06,ON,LED_Bulb,synthetic
2026-01-01 10:06:11,228.6,0.001,0.2,0.0,OFF,LED_Bulb,synthetic
2026-01-01 10:06:12,231.2,0.041,9.4,2.6e-06,ON,LED_Bulb,synthetic
2026-01-01 10:06:13,229.6,0.039,8.9,2.5e-06,ON,LED_Bulb,synthetic
2026-01-01 10:06:14,231.0,0.038,8.9,2.5e-06,ON,LED_Bulb,synthetic
2026-01-01 10:06:15,229.0,0.041,9.4,2.6e-06,ON,LED_Bulb,synthetic
2026-01-01 10:06:16,230.5,0.041,9.5,2.6e-06,ON,LED_Bulb,synthetic
2026-01-01 10:06:17,231.2,0.04,9.2,2.6e-06,ON,LED_Bulb,synthetic
2026-01-01 10:06:18,231.1,0.041,9.4,2.6e-06,ON,LED_Bulb,synthetic
2026-01-01 10:06:19,229.0,0.04,9.1,2.5e-06,ON,LED_Bulb,synthetic
2026-01-01 10:06:20,230.3,0.001,0.1,0.0,OFF,LED_Bulb,synthetic
2026-01-01 10:06:21,230.9,0.041,9.5,2.6e-06,ON,LED_Bulb,synthetic
2026-01-01 10:06:22,229.6,0.041,9.4,2.6e-06,ON,LED_Bulb,synthetic
2026-01-01 10:06:23,229.5,0.041,9.4,2.6e-06,ON,LED_Bulb,synthetic
2026-01-01 10:06:24,231.3,0.039,9.0,2.5e-06,ON,LED_Bulb,synthetic
2026-01-01 10:06:25,228.6,0.039,8.8,2.4e-06,ON,LED_Bulb,synthetic
2026-01-01 10:06:26,231.1,0.001,0.2,1e-07,OFF,LED_Bulb,synthetic
2026-01-01 10:06:27,229.4,0.039,9.0,2.5e-06,ON,LED_Bulb,synthetic
2026-01-01 10:06:28,230.9,0.042,9.7,2.7e-06,ON,LED_Bulb,synthetic
2026-01-01 10:06:29,229.5,0.04,9.3,2.6e-06,ON,LED_Bulb,synthetic
2026-01-01 10:06:30,231.0,0.001,0.1,0.0,OFF,LED_Bulb,synthetic
2026-01-01 10:06:31,231.3,0.041,9.5,2.7e-06,ON,LED_Bulb,synthetic
2026-01-01 10:06:32,229.7,0.04,9.1,2.5e-06,ON,LED_Bulb,synthetic
2026-01-01 10:06:33,229.5,0.039,8.9,2.5e-06,ON,LED_Bulb,synthetic
2026-01-01 10:06:34,228.6,0.039,9.0,2.5e-06,ON,LED_Bulb,synthetic
2026-01-01 10:06:35,230.7,0.04,9.2,2.6e-06,ON,LED_Bulb,synthetic
2026-01-01 10:06:36,230.0,0.001,0.1,0.0,OFF,LED_Bulb,synthetic
2026-01-01 10:06:37,229.9,0.04,9.3,2.6e-06,ON,LED_Bulb,synthetic
2026-01-01 10:06:38,230.4,0.038,8.8,2.5e-06,ON,LED_Bulb,synthetic
2026-01-01 10:06:39,229.4,0.041,9.5,2.6e-06,ON,LED_Bulb,synthetic
2026-01-01 10:06:40,229.3,0.041,9.3,2.6e-06,ON,LED_Bulb,synthetic
2026-01-01 10:06:41,230.4,0.041,9.4,2.6e-06,ON,LED_Bulb,synthetic
2026-01-01 10:06:42,230.2,0.001,0.2,1e-07,OFF,LED_Bulb,synthetic
2026-01-01 10:06:43,229.8,0.0,0.1,0.0,OFF,LED_Bulb,synthetic
2026-01-01 10:06:44,229.1,0.041,9.4,2.6e-06,ON,LED_Bulb,synthetic
2026-01-01 10:06:45,230.2,0.041,9.6,2.7e-06,ON,LED_Bulb,synthetic
2026-01-01 10:06:46,230.0,0.038,8.9,2.5e-06,ON,LED_Bulb,synthetic
2026-01-01 10:06:47,229.0,0.04,9.3,2.6e-06,ON,LED_Bulb,synthetic
2026-01-01 10:06:48,230.0,0.0,0.1,0.0,OFF,LED_Bulb,synthetic
2026-01-01 10:06:49,229.6,0.041,9.3,2.6e-06,ON,LED_Bulb,synthetic
2026-01-01 10:06:50,230.1,0.042,9.7,2.7e-06,ON,LED_Bulb,synthetic
2026-01-01 10:06:51,230.4,0.0,0.1,0.0,OFF,LED_Bulb,synthetic
2026-01-01 10:06:52,229.9,0.0,0.1,0.0,OFF,LED_Bulb,synthetic
2026-01-01 10:06:53,230.8,0.0,0.0,0.0,OFF,LED_Bulb,synthetic
2026-01-01 10:06:54,228.7,0.041,9.5,2.6e-06,ON,LED_Bulb,synthetic
2026-01-01 10:06:55,228.8,0.042,9.6,2.7e-06,ON,LED_Bulb,synthetic
2026-01-01 10:06:56,229.3,0.042,9.5,2.7e-06,ON,LED_Bulb,synthetic
2026-01-01 10:06:57,230.3,0.039,9.0,2.5e-06,ON,LED_Bulb,synthetic
2026-01-01 10:06:58,231.4,0.041,9.5,2.6e-06,ON,LED_Bulb,synthetic
2026-01-01 10:06:59,229.2,0.039,8.8,2.5e-06,ON,LED_Bulb,synthetic
2026-01-01 10:07:00,230.9,0.041,9.4,2.6e-06,ON,LED_Bulb,synthetic
2026-01-01 10:07:01,229.7,0.039,9.0,2.5e-06,ON,LED_Bulb,synthetic
2026-01-01 10:07:02,231.1,0.039,9.0,2.5e-06,ON,LED_Bulb,synthetic
2026-01-01 10:07:03,229.6,0.041,9.5,2.6e-06,ON,LED_Bulb,synthetic
2026-01-01 10:07:04,229.5,0.0,0.1,0.0,OFF,LED_Bulb,synthetic
2026-01-01 10:07:05,229.9,0.039,8.9,2.5e-06,ON,LED_Bulb,synthetic
2026-01-01 10:07:06,229.9,0.04,9.1,2.5e-06,ON,LED_Bulb,synthetic
2026-01-01 10:07:07,230.4,0.04,9.1,2.5e-06,ON,LED_Bulb,synthetic
2026-01-01 10:07:08,231.1,0.042,9.7,2.7e-06,ON,LED_Bulb,synthetic
2026-01-01 10:07:09,231.0,0.04,9.2,2.6e-06,ON,LED_Bulb,synthetic
2026-01-01 10:07:10,229.1,0.04,9.3,2.6e-06,ON,LED_Bulb,synthetic
2026-01-01 10:07:11,228.8,0.001,0.1,0.0,OFF,LED_Bulb,synthetic
2026-01-01 10:07:12,228.6,0.039,8.9,2.5e-06,ON,LED_Bulb,synthetic
2026-01-01 10:07:13,230.0,0.001,0.1,0.0,OFF,LED_Bulb,synthetic
2026-01-01 10:07:14,229.6,0.038,8.8,2.5e-06,ON,LED_Bulb,synthetic
2026-01-01 10:07:15,229.9,0.041,9.5,2.6e-06,ON,LED_Bulb,synthetic
2026-01-01 10:07:16,230.6,0.04,9.2,2.6e-06,ON,LED_Bulb,synthetic
2026-01-01 10:07:17,229.4,0.039,9.0,2.5e-06,ON,LED_Bulb,synthetic
2026-01-01 10:07:18,229.9,0.04,9.3,2.6e-06,ON,LED_Bulb,synthetic
2026-01-01 10:07:19,230.5,0.041,9.5,2.6e-06,ON,LED_Bulb,synthetic
2026-01-01 10:07:20,230.5,0.042,9.7,2.7e-06,ON,LED_Bulb,synthetic
2026-01-01 10:07:21,229.9,0.041,9.4,2.6e-06,ON,LED_Bulb,synthetic
2026-01-01 10:07:22,229.8,0.039,8.9,2.5e-06,ON,LED_Bulb,synthetic
2026-01-01 10:07:23,229.7,0.039,8.9,2.5e-06,ON,LED_Bulb,synthetic
2026-01-01 10:07:24,229.6,0.04,9.2,2.6e-06,ON,LED_Bulb,synthetic
2026-01-01 10:07:25,231.3,0.04,9.2,2.6e-06,ON,LED_Bulb,synthetic
2026-01-01 10:07:26,229.7,0.0,0.1,0.0,OFF,LED_Bulb,synthetic
2026-01-01 10:07:27,228.9,0.038,8.7,2.4e-06,ON,LED_Bulb,synthetic
2026-01-01 10:07:28,228.7,0.041,9.4,2.6e-06,ON,LED_Bulb,synthetic
2026-01-01 10:07:29,230.5,0.04,9.3,2.6e-06,ON,LED_Bulb,synthetic
2026-01-01 10:07:30,229.2,0.042,9.5,2.6e-06,ON,LED_Bulb,synthetic
2026-01-01 10:07:31,229.2,0.041,9.4,2.6e-06,ON,LED_Bulb,synthetic
2026-01-01 10:07:32,228.9,0.04,9.1,2.5e-06,ON,LED_Bulb,synthetic
2026-01-01 10:07:33,230.9,0.038,8.9,2.5e-06,ON,LED_Bulb,synthetic
2026-01-01 10:07:34,229.2,0.001,0.2,1e-07,OFF,LED_Bulb,synthetic
2026-01-01 10:07:35,228.8,0.042,9.5,2.6e-06,ON,LED_Bulb,synthetic
2026-01-01 10:07:36,229.7,0.042,9.6,2.7e-06,ON,LED_Bulb,synthetic
2026-01-01 10:07:37,230.2,0.039,8.9,2.5e-06,ON,LED_Bulb,synthetic
2026-01-01 10:07:38,231.4,0.0,0.1,0.0,OFF,LED_Bulb,synthetic
2026-01-01 10:07:39,229.9,0.04,9.3,2.6e-06,ON,LED_Bulb,synthetic
2026-01-01 10:07:40,231.1,0.039,8.9,2.5e-06,ON,LED_Bulb,synthetic
2026-01-01 10:07:41,229.4,0.04,9.1,2.5e-06,ON,LED_Bulb,synthetic
2026-01-01 10:07:42,229.2,0.001,0.2,0.0,OFF,LED_Bulb,synthetic
2026-01-01 10:07:43,228.6,0.041,9.5,2.6e-06,ON,LED_Bulb,synthetic
2026-01-01 10:07:44,230.8,0.039,9.1,2.5e-06,ON,LED_Bulb,synthetic
2026-01-01 10:07:45,230.7,0.039,9.1,2.5e-06,ON,LED_Bulb,synthetic
2026-01-01 10:07:46,228.7,0.041,9.4,2.6e-06,ON,LED_Bulb,synthetic
2026-01-01 10:07:47,228.7,0.0,0.0,0.0,OFF,LED_Bulb,synthetic
2026-01-01 10:07:48,230.6,0.041,9.5,2.6e-06,ON,LED_Bulb,synthetic
2026-01-01 10:07:49,229.7,0.038,8.8,2.4e-06,ON,LED_Bulb,synthetic
2026-01-01 10:07:50,229.7,0.04,9.2,2.6e-06,ON,LED_Bulb,synthetic
2026-01-01 10:07:51,230.5,0.038,8.8,2.5e-06,ON,LED_Bulb,synthetic
2026-01-01 10:07:52,229.5,0.039,8.9,2.5e-06,ON,LED_Bulb,synthetic
2026-01-01 10:07:53,231.2,0.001,0.2,0.0,OFF,LED_Bulb,synthetic
2026-01-01 10:07:54,230.7,0.041,9.3,2.6e-06,ON,LED_Bulb,synthetic
2026-01-01 10:07:55,229.1,0.041,9.4,2.6e-06,ON,LED_Bulb,synthetic
2026-01-01 10:07:56,231.0,0.0,0.0,0.0,OFF,LED_Bulb,synthetic
2026-01-01 10:07:57,230.4,0.04,9.1,2.5e-06,ON,LED_Bulb,synthetic
2026-01-01 10:07:58,230.2,0.039,9.0,2.5e-06,ON,LED_Bulb,synthetic
2026-01-01 10:07:59,229.4,0.001,0.2,1e-07,OFF,LED_Bulb,synthetic
2026-01-01 10:08:00,228.9,0.0,0.1,0.0,OFF,LED_Bulb,synthetic
2026-01-01 10:08:01,228.8,0.0,0.0,0.0,OFF,LED_Bulb,synthetic
2026-01-01 10:08:02,230.5,0.04,9.2,2.5e-06,ON,LED_Bulb,synthetic
2026-01-01 10:08:03,230.0,0.0,0.1,0.0,OFF,LED_Bulb,synthetic
2026-01-01 10:08:04,229.5,0.04,9.1,2.5e-06,ON,LED_Bulb,synthetic
2026-01-01 10:08:05,230.1,0.041,9.5,2.6e-06,ON,LED_Bulb,synthetic
2026-01-01 10:08:06,229.0,0.001,0.2,1e-07,OFF,LED_Bulb,synthetic
2026-01-01 10:08:07,229.3,0.039,8.8,2.5e-06,ON,LED_Bulb,synthetic
2026-01-01 10:08:08,229.8,0.042,9.6,2.7e-06,ON,LED_Bulb,synthetic
2026-01-01 10:08:09,231.5,0.04,9.3,2.6e-06,ON,LED_Bulb,synthetic
2026-01-01 10:08:10,229.2,0.039,9.0,2.5e-06,ON,LED_Bulb,synthetic
2026-01-01 10:08:11,230.2,0.0,0.0,0.0,OFF,LED_Bulb,synthetic
2026-01-01 10:08:12,230.3,0.041,9.4,2.6e-06,ON,LED_Bulb,synthetic
2026-01-01 10:08:13,230.4,0.041,9.5,2.6e-06,ON,LED_Bulb,synthetic
2026-01-01 10:08:14,230.8,0.042,9.7,2.7e-06,ON,LED_Bulb,synthetic
2026-01-01 10:08:15,230.2,0.039,8.9,2.5e-06,ON,LED_Bulb,synthetic
2026-01-01 10:08:16,228.8,0.0,0.0,0.0,OFF,LED_Bulb,synthetic
2026-01-01 10:08:17,229.4,0.041,9.5,2.6e-06,ON,LED_Bulb,synthetic
2026-01-01 10:08:18,230.3,0.04,9.3,2.6e-06,ON,LED_Bulb,synthetic
2026-01-01 10:08:19,229.0,0.039,8.9,2.5e-06,ON,LED_Bulb,synthetic
2026-01-01 10:08:20,230.3,0.039,8.9,2.5e-06,ON,LED_Bulb,synthetic
2026-01-01 10:08:21,231.1,0.04,9.4,2.6e-06,ON,LED_Bulb,synthetic
2026-01-01 10:08:22,228.9,0.041,9.4,2.6e-06,ON,LED_Bulb,synthetic
2026-01-01 10:08:23,229.6,0.04,9.3,2.6e-06,ON,LED_Bulb,synthetic
2026-01-01 10:08:24,228.9,0.04,9.2,2.6e-06,ON,LED_Bulb,synthetic
2026-01-01 10:08:25,230.5,0.04,9.3,2.6e-06,ON,LED_Bulb,synthetic
2026-01-01 10:08:26,229.9,0.039,8.9,2.5e-06,ON,LED_Bulb,synthetic
2026-01-01 10:08:27,229.8,0.039,9.1,2.5e-06,ON,LED_Bulb,synthetic
2026-01-01 10:08:28,229.6,0.039,9.0,2.5e-06,ON,LED_Bulb,synthetic
2026-01-01 10:08:29,230.9,0.039,9.0,2.5e-06,ON,LED_Bulb,synthetic
2026-01-01 10:08:30,228.8,0.041,9.4,2.6e-06,ON,LED_Bulb,synthetic
2026-01-01 10:08:31,230.5,0.041,9.4,2.6e-06,ON,LED_Bulb,synthetic
2026-01-01 10:08:32,229.2,0.041,9.4,2.6e-06,ON,LED_Bulb,synthetic
2026-01-01 10:08:33,230.7,0.042,9.6,2.7e-06,ON,LED_Bulb,synthetic
2026-01-01 10:08:34,231.1,0.038,8.8,2.4e-06,ON,LED_Bulb,synthetic
2026-01-01 10:08:35,228.6,0.04,9.1,2.5e-06,ON,LED_Bulb,synthetic
2026-01-01 10:08:36,230.2,0.039,8.9,2.5e-06,ON,LED_Bulb,synthetic
2026-01-01 10:08:37,229.9,0.038,8.7,2.4e-06,ON,LED_Bulb,synthetic
2026-01-01 10:08:38,230.2,0.042,9.6,2.7e-06,ON,LED_Bulb,synthetic
2026-01-01 10:08:39,230.5,0.041,9.5,2.6e-06,ON,LED_Bulb,synthetic
2026-01-01 10:08:40,230.3,0.041,9.4,2.6e-06,ON,LED_Bulb,synthetic
2026-01-01 10:08:41,230.2,0.041,9.5,2.6e-06,ON,LED_Bulb,synthetic
2026-01-01 10:08:42,229.9,0.04,9.2,2.5e-06,ON,LED_Bulb,synthetic
2026-01-01 10:08:43,229.6,0.001,0.1,0.0,OFF,LED_Bulb,synthetic
2026-01-01 10:08:44,229.8,0.038,8.8,2.4e-06,ON,LED_Bulb,synthetic
2026-01-01 10:08:45,231.0,0.0,0.0,0.0,OFF,LED_Bulb,synthetic
2026-01-01 10:08:46,230.0,0.04,9.2,2.6e-06,ON,LED_Bulb,synthetic
2026-01-01 10:08:47,229.6,0.038,8.8,2.4e-06,ON,LED_Bulb,synthetic
2026-01-01 10:08:48,230.8,0.041,9.6,2.7e-06,ON,LED_Bulb,synthetic
2026-01-01 10:08:49,230.5,0.039,9.0,2.5e-06,ON,LED_Bulb,synthetic
2026-01-01 10:08:50,230.1,0.042,9.7,2.7e-06,ON,LED_Bulb,synthetic
2026-01-01 10:08:51,229.4,0.041,9.4,2.6e-06,ON,LED_Bulb,synthetic
2026-01-01 10:08:52,230.6,0.042,9.7,2.7e-06,ON,LED_Bulb,synthetic
2026-01-01 10:08:53,230.2,0.0,0.1,0.0,OFF,LED_Bulb,synthetic
2026-01-01 10:08:54,229.3,0.039,8.9,2.5e-06,ON,LED_Bulb,synthetic
2026-01-01 10:08:55,231.1,0.039,8.9,2.5e-06,ON,LED_Bulb,synthetic
2026-01-01 10:08:56,231.3,0.04,9.2,2.6e-06,ON,LED_Bulb,synthetic
2026-01-01 10:08:57,230.5,0.001,0.2,1e-07,OFF,LED_Bulb,synthetic
2026-01-01 10:08:58,229.7,0.04,9.1,2.5e-06,ON,LED_Bulb,synthetic
2026-01-01 10:08:59,229.7,0.039,9.0,2.5e-06,ON,LED_Bulb,synthetic
2026-01-01 10:09:00,229.1,0.041,9.4,2.6e-06,ON,LED_Bulb,synthetic
2026-01-01 10:09:01,230.4,0.0,0.1,0.0,OFF,LED_Bulb,synthetic
2026-01-01 10:09:02,230.9,0.041,9.4,2.6e-06,ON,LED_Bulb,synthetic
2026-01-01 10:09:03,230.6,0.04,9.3,2.6e-06,ON,LED_Bulb,synthetic
2026-01-01 10:09:04,229.8,0.042,9.6,2.7e-06,ON,LED_Bulb,synthetic
2026-01-01 10:09:05,231.0,0.0,0.1,0.0,OFF,LED_Bulb,synthetic
2026-01-01 10:09:06,229.8,0.041,9.5,2.6e-06,ON,LED_Bulb,synthetic
2026-01-01 10:09:07,230.0,0.042,9.6,2.7e-06,ON,LED_Bulb,synthetic
2026-01-01 10:09:08,228.7,0.041,9.3,2.6e-06,ON,LED_Bulb,synthetic
2026-01-01 10:09:09,229.3,0.001,0.2,1e-07,OFF,LED_Bulb,synthetic
2026-01-01 10:09:10,229.1,0.04,9.1,2.5e-06,ON,LED_Bulb,synthetic
2026-01-01 10:09:11,229.3,0.0,0.1,0.0,OFF,LED_Bulb,synthetic
2026-01-01 10:09:12,231.0,0.038,8.8,2.4e-06,ON,LED_Bulb,synthetic
2026-01-01 10:09:13,229.5,0.041,9.5,2.6e-06,ON,LED_Bulb,synthetic
2026-01-01 10:09:14,228.5,0.001,0.2,0.0,OFF,LED_Bulb,synthetic
2026-01-01 10:09:15,231.3,0.04,9.3,2.6e-06,ON,LED_Bulb,synthetic
2026-01-01 10:09:16,230.9,0.039,9.0,2.5e-06,ON,LED_Bulb,synthetic
2026-01-01 10:09:17,229.0,0.042,9.5,2.6e-06,ON,LED_Bulb,synthetic
2026-01-01 10:09:18,230.7,0.0,0.1,0.0,OFF,LED_Bulb,synthetic
2026-01-01 10:09:19,230.3,0.041,9.4,2.6e-06,ON,LED_Bulb,synthetic
2026-01-01 10:09:20,228.5,0.04,9.1,2.5e-06,ON,LED_Bulb,synthetic
2026-01-01 10:09:21,231.1,0.039,9.0,2.5e-06,ON,LED_Bulb,synthetic
2026-01-01 10:09:22,229.1,0.041,9.3,2.6e-06,ON,LED_Bulb,synthetic
2026-01-01 10:09:23,230.9,0.04,9.1,2.5e-06,ON,LED_Bulb,synthetic
2026-01-01 10:09:24,229.7,0.039,8.9,2.5e-06,ON,LED_Bulb,synthetic
2026-01-01 10:09:25,230.2,0.039,8.9,2.5e-06,ON,LED_Bulb,synthetic
2026-01-01 10:09:26,229.3,0.038,8.8,2.4e-06,ON,LED_Bulb,synthetic
2026-01-01 10:09:27,229.8,0.04,9.2,2.6e-06,ON,LED_Bulb,synthetic
2026-01-01 10:09:28,229.2,0.001,0.2,1e-07,OFF,LED_Bulb,synthetic
2026-01-01 10:09:29,228.6,0.041,9.4,2.6e-06,ON,LED_Bulb,synthetic
2026-01-01 10:09:30,230.1,0.038,8.8,2.4e-06,ON,LED_Bulb,synthetic
2026-01-01 10:09:31,229.3,0.039,8.9,2.5e-06,ON,LED_Bulb,synthetic
2026-01-01 10:09:32,230.2,0.041,9.4,2.6e-06,ON,LED_Bulb,synthetic
2026-01-01 10:09:33,231.1,0.0,0.0,0.0,OFF,LED_Bulb,synthetic
2026-01-01 10:09:34,231.5,0.001,0.2,0.0,OFF,LED_Bulb,synthetic
2026-01-01 10:09:35,229.7,0.001,0.2,1e-07,OFF,LED_Bulb,synthetic
2026-01-01 10:09:36,229.9,0.039,9.0,2.5e-06,ON,LED_Bulb,synthetic
2026-01-01 10:09:37,229.0,0.0,0.0,0.0,OFF,LED_Bulb,synthetic
2026-01-01 10:09:38,231.3,0.04,9.4,2.6e-06,ON,LED_Bulb,synthetic
2026-01-01 10:09:39,231.3,0.039,9.0,2.5e-06,ON,LED_Bulb,synthetic
2026-01-01 10:09:40,229.3,0.04,9.2,2.6e-06,ON,LED_Bulb,synthetic
2026-01-01 10:09:41,229.1,0.039,8.9,2.5e-06,ON,LED_Bulb,synthetic
2026-01-01 10:09:42,229.8,0.04,9.2,2.6e-06,ON,LED_Bulb,synthetic
2026-01-01 10:09:43,228.9,0.001,0.2,1e-07,OFF,LED_Bulb,synthetic
2026-01-01 10:09:44,229.9,0.04,9.1,2.5e-06,ON,LED_Bulb,synthetic
2026-01-01 10:09:45,229.5,0.04,9.1,2.5e-06,ON,LED_Bulb,synthetic
2026-01-01 10:09:46,229.9,0.04,9.2,2.6e-06,ON,LED_Bulb,synthetic
2026-01-01 10:09:47,229.7,0.0,0.0,0.0,OFF,LED_Bulb,synthetic
2026-01-01 10:09:48,230.7,0.0,0.1,0.0,OFF,LED_Bulb,synthetic
2026-01-01 10:09:49,229.0,0.041,9.5,2.6e-06,ON,LED_Bulb,synthetic
2026-01-01 10:09:50,230.0,0.042,9.6,2.7e-06,ON,LED_Bulb,synthetic
2026-01-01 10:09:51,228.6,0.042,9.5,2.6e-06,ON,LED_Bulb,synthetic
2026-01-01 10:09:52,229.1,0.04,9.1,2.5e-06,ON,LED_Bulb,synthetic
2026-01-01 10:09:53,230.1,0.04,9.1,2.5e-06,ON,LED_Bulb,synthetic
2026-01-01 10:09:54,230.7,0.041,9.4,2.6e-06,ON,LED_Bulb,synthetic
2026-01-01 10:09:55,228.9,0.041,9.4,2.6e-06,ON,LED_Bulb,synthetic
2026-01-01 10:09:56,228.8,0.001,0.2,1e-07,OFF,LED_Bulb,synthetic
2026-01-01 10:09:57,229.1,0.038,8.7,2.4e-06,ON,LED_Bulb,synthetic
2026-01-01 10:09:58,229.6,0.04,9.2,2.6e-06,ON,LED_Bulb,synthetic
2026-01-01 10:09:59,230.3,0.04,9.1,2.5e-06,ON,LED_Bulb,synthetic
2026-01-01 10:10:00,228.5,0.04,9.2,2.6e-06,ON,LED_Bulb,synthetic
2026-01-01 10:10:01,229.9,0.04,9.3,2.6e-06,ON,LED_Bulb,synthetic
2026-01-01 10:10:02,229.7,0.0,0.1,0.0,OFF,LED_Bulb,synthetic
2026-01-01 10:10:03,231.2,0.04,9.3,2.6e-06,ON,LED_Bulb,synthetic
2026-01-01 10:10:04,230.4,0.039,9.0,2.5e-06,ON,LED_Bulb,synthetic
2026-01-01 10:10:05,229.5,0.04,9.1,2.5e-06,ON,LED_Bulb,synthetic
2026-01-01 10:10:06,230.3,0.039,8.9,2.5e-06,ON,LED_Bulb,synthetic
2026-01-01 10:10:07,229.8,0.039,9.0,2.5e-06,ON,LED_Bulb,synthetic
2026-01-01 10:10:08,231.0,0.0,0.0,0.0,OFF,LED_Bulb,synthetic
2026-01-01 10:10:09,229.5,0.041,9.5,2.6e-06,ON,LED_Bulb,synthetic
2026-01-01 10:10:10,230.0,0.041,9.5,2.6e-06,ON,LED_Bulb,synthetic
2026-01-01 10:10:11,231.4,0.042,9.7,2.7e-06,ON,LED_Bulb,synthetic
2026-01-01 10:10:12,229.2,0.039,8.9,2.5e-06,ON,LED_Bulb,synthetic
2026-01-01 10:10:13,229.0,0.0,0.0,0.0,OFF,LED_Bulb,synthetic
2026-01-01 10:10:14,230.5,0.042,9.7,2.7e-06,ON,LED_Bulb,synthetic
2026-01-01 10:10:15,229.8,0.039,9.0,2.5e-06,ON,LED_Bulb,synthetic
2026-01-01 10:10:16,228.7,0.041,9.4,2.6e-06,ON,LED_Bulb,synthetic
2026-01-01 10:10:17,230.1,0.039,8.9,2.5e-06,ON,LED_Bulb,synthetic
2026-01-01 10:10:18,229.4,0.039,9.0,2.5e-06,ON,LED_Bulb,synthetic
2026-01-01 10:10:19,231.0,0.04,9.2,2.6e-06,ON,LED_Bulb,synthetic
2026-01-01 10:10:20,230.2,0.04,9.3,2.6e-06,ON,LED_Bulb,synthetic
2026-01-01 10:10:21,229.2,0.038,8.7,2.4e-06,ON,LED_Bulb,synthetic
2026-01-01 10:10:22,230.7,0.0,0.1,0.0,OFF,LED_Bulb,synthetic
2026-01-01 10:10:23,228.6,0.001,0.2,0.0,OFF,LED_Bulb,synthetic
2026-01-01 10:10:24,229.7,0.001,0.2,1e-07,OFF,LED_Bulb,synthetic
2026-01-01 10:10:25,229.0,0.001,0.2,0.0,OFF,LED_Bulb,synthetic
2026-01-01 10:10:26,229.1,0.0,0.0,0.0,OFF,LED_Bulb,synthetic
2026-01-01 10:10:27,229.6,0.039,8.9,2.5e-06,ON,LED_Bulb,synthetic
2026-01-01 10:10:28,229.8,0.039,8.9,2.5e-06,ON,LED_Bulb,synthetic
2026-01-01 10:10:29,230.9,0.041,9.4,2.6e-06,ON,LED_Bulb,synthetic
2026-01-01 10:10:30,230.4,0.039,8.9,2.5e-06,ON,LED_Bulb,synthetic
2026-01-01 10:10:31,230.6,0.042,9.7,2.7e-06,ON,LED_Bulb,synthetic
2026-01-01 10:10:32,228.9,0.039,9.0,2.5e-06,ON,LED_Bulb,synthetic
2026-01-01 10:10:33,230.1,0.038,8.8,2.5e-06,ON,LED_Bulb,synthetic
2026-01-01 10:10:34,231.5,0.039,9.0,2.5e-06,ON,LED_Bulb,synthetic
2026-01-01 10:10:35,230.6,0.042,9.6,2.7e-06,ON,LED_Bulb,synthetic
2026-01-01 10:10:36,229.5,0.0,0.1,0.0,OFF,LED_Bulb,synthetic
2026-01-01 10:10:37,228.7,0.001,0.2,1e-07,OFF,LED_Bulb,synthetic
2026-01-01 10:10:38,231.3,0.041,9.4,2.6e-06,ON,LED_Bulb,synthetic
2026-01-01 10:10:39,228.8,0.042,9.6,2.7e-06,ON,LED_Bulb,synthetic
2026-01-01 10:10:40,229.5,0.039,8.9,2.5e-06,ON,LED_Bulb,synthetic
2026-01-01 10:10:41,228.8,0.001,0.2,1e-07,OFF,LED_Bulb,synthetic
2026-01-01 10:10:42,229.0,0.0,0.1,0.0,OFF,LED_Bulb,synthetic
2026-01-01 10:10:43,230.0,0.04,9.2,2.6e-06,ON,LED_Bulb,synthetic
2026-01-01 10:10:44,231.5,0.041,9.5,2.6e-06,ON,LED_Bulb,synthetic
2026-01-01 10:10:45,231.2,0.0,0.1,0.0,OFF,LED_Bulb,synthetic
2026-01-01 10:10:46,230.0,0.001,0.1,0.0,OFF,LED_Bulb,synthetic
2026-01-01 10:10:47,228.6,0.001,0.2,0.0,OFF,LED_Bulb,synthetic
2026-01-01 10:10:48,228.9,0.0,0.1,0.0,OFF,LED_Bulb,synthetic
2026-01-01 10:10:49,229.5,0.001,0.2,1e-07,OFF,LED_Bulb,synthetic
2026-01-01 10:10:50,230.1,0.001,0.1,0.0,OFF,LED_Bulb,synthetic
2026-01-01 10:10:51,228.9,0.0,0.1,0.0,OFF,LED_Bulb,synthetic
2026-01-01 10:10:52,229.8,0.039,9.1,2.5e-06,ON,LED_Bulb,synthetic
2026-01-01 10:10:53,230.0,0.039,9.0,2.5e-06,ON,LED_Bulb,synthetic
2026-01-01 10:10:54,231.0,0.0,0.0,0.0,OFF,LED_Bulb,synthetic
2026-01-01 10:10:55,230.9,0.039,9.1,2.5e-06,ON,LED_Bulb,synthetic
2026-01-01 10:10:56,229.2,0.04,9.1,2.5e-06,ON,LED_Bulb,synthetic
2026-01-01 10:10:57,229.9,0.039,9.0,2.5e-06,ON,LED_Bulb,synthetic
2026-01-01 10:10:58,230.8,0.039,9.0,2.5e-06,ON,LED_Bulb,synthetic
2026-01-01 10:10:59,229.9,0.04,9.3,2.6e-06,ON,LED_Bulb,synthetic
2026-01-01 10:11:00,229.7,0.041,9.5,2.6e-06,ON,LED_Bulb,synthetic
2026-01-01 10:11:01,229.3,0.041,9.4,2.6e-06,ON,LED_Bulb,synthetic
2026-01-01 10:11:02,229.3,0.04,9.1,2.5e-06,ON,LED_Bulb,synthetic
2026-01-01 10:11:03,229.4,0.0,0.1,0.0,OFF,LED_Bulb,synthetic
2026-01-01 10:11:04,231.0,0.04,9.2,2.6e-06,ON,LED_Bulb,synthetic
2026-01-01 10:11:05,228.7,0.04,9.2,2.5e-06,ON,LED_Bulb,synthetic
2026-01-01 10:11:06,231.0,0.039,9.1,2.5e-06,ON,LED_Bulb,synthetic
2026-01-01 10:11:07,229.5,0.039,9.0,2.5e-06,ON,LED_Bulb,synthetic
2026-01-01 10:11:08,228.7,0.001,0.2,1e-07,OFF,LED_Bulb,synthetic
2026-01-01 10:11:09,230.0,0.04,9.2,2.6e-06,ON,LED_Bulb,synthetic
2026-01-01 10:11:10,229.8,0.001,0.1,0.0,OFF,LED_Bulb,synthetic
2026-01-01 10:11:11,228.6,0.039,8.9,2.5e-06,ON,LED_Bulb,synthetic
2026-01-01 10:11:12,230.0,0.04,9.3,2.6e-06,ON,LED_Bulb,synthetic
2026-01-01 10:11:13,230.0,0.039,8.9,2.5e-06,ON,LED_Bulb,synthetic
2026-01-01 10:11:14,228.7,0.001,0.1,0.0,OFF,LED_Bulb,synthetic
2026-01-01 10:11:15,231.2,0.0,0.1,0.0,OFF,LED_Bulb,synthetic
2026-01-01 10:11:16,230.4,0.041,9.5,2.7e-06,ON,LED_Bulb,synthetic
2026-01-01 10:11:17,230.4,0.039,8.9,2.5e-06,ON,LED_Bulb,synthetic
2026-01-01 10:11:18,229.5,0.001,0.2,0.0,OFF,LED_Bulb,synthetic
2026-01-01 10:11:19,228.6,0.042,9.6,2.7e-06,ON,LED_Bulb,synthetic
2026-01-01 10:11:20,229.3,0.042,9.6,2.7e-06,ON,LED_Bulb,synthetic
2026-01-01 10:11:21,230.7,0.001,0.1,0.0,OFF,LED_Bulb,synthetic
2026-01-01 10:11:22,231.2,0.041,9.6,2.7e-06,ON,LED_Bulb,synthetic
2026-01-01 10:11:23,230.9,0.041,9.4,2.6e-06,ON,LED_Bulb,synthetic
2026-01-01 10:11:24,231.2,0.0,0.0,0.0,OFF,LED_Bulb,synthetic
2026-01-01 10:11:25,230.6,0.038,8.8,2.4e-06,ON,LED_Bulb,synthetic
2026-01-01 10:11:26,230.2,0.001,0.2,0.0,OFF,LED_Bulb,synthetic
2026-01-01 10:11:27,229.9,0.039,9.0,2.5e-06,ON,LED_Bulb,synthetic
2026-01-01 10:11:28,230.9,0.039,9.0,2.5e-06,ON,LED_Bulb,synthetic
2026-01-01 10:11:29,230.7,0.038,8.8,2.5e-06,ON,LED_Bulb,synthetic
2026-01-01 10:11:30,229.0,0.041,9.4,2.6e-06,ON,LED_Bulb,synthetic
2026-01-01 10:11:31,230.4,0.038,8.8,2.4e-06,ON,LED_Bulb,synthetic
2026-01-01 10:11:32,231.0,0.041,9.5,2.6e-06,ON,LED_Bulb,synthetic
2026-01-01 10:11:33,231.1,0.039,9.1,2.5e-06,ON,LED_Bulb,synthetic
2026-01-01 10:11:34,229.6,0.039,9.0,2.5e-06,ON,LED_Bulb,synthetic
2026-01-01 10:11:35,230.6,0.039,8.9,2.5e-06,ON,LED_Bulb,synthetic
2026-01-01 10:11:36,231.4,0.041,9.5,2.7e-06,ON,LED_Bulb,synthetic
2026-01-01 10:11:37,230.8,0.039,8.9,2.5e-06,ON,LED_Bulb,synthetic
2026-01-01 10:11:38,231.3,0.039,8.9,2.5e-06,ON,LED_Bulb,synthetic
2026-01-01 10:11:39,228.7,0.001,0.2,1e-07,OFF,LED_Bulb,synthetic
2026-01-01 10:11:40,230.7,0.039,9.0,2.5e-06,ON,LED_Bulb,synthetic
2026-01-01 10:11:41,229.5,0.041,9.4,2.6e-06,ON,LED_Bulb,synthetic
2026-01-01 10:11:42,230.8,0.001,0.2,1e-07,OFF,LED_Bulb,synthetic
2026-01-01 10:11:43,229.1,0.001,0.2,1e-07,OFF,LED_Bulb,synthetic
2026-01-01 10:11:44,231.5,0.001,0.1,0.0,OFF,LED_Bulb,synthetic
2026-01-01 10:11:45,230.9,0.04,9.3,2.6e-06,ON,LED_Bulb,synthetic
2026-01-01 10:11:46,231.1,0.041,9.5,2.6e-06,ON,LED_Bulb,synthetic
2026-01-01 10:11:47,228.6,0.042,9.6,2.7e-06,ON,LED_Bulb,synthetic
2026-01-01 10:11:48,228.6,0.04,9.1,2.5e-06,ON,LED_Bulb,synthetic
2026-01-01 10:11:49,230.4,0.039,9.0,2.5e-06,ON,LED_Bulb,synthetic
2026-01-01 10:11:50,231.0,0.042,9.6,2.7e-06,ON,LED_Bulb,synthetic
2026-01-01 10:11:51,230.4,0.039,8.9,2.5e-06,ON,LED_Bulb,synthetic
2026-01-01 10:11:52,228.8,0.04,9.1,2.5e-06,ON,LED_Bulb,synthetic
2026-01-01 10:11:53,230.9,0.001,0.1,0.0,OFF,LED_Bulb,synthetic
2026-01-01 10:11:54,229.7,0.039,9.0,2.5e-06,ON,LED_Bulb,synthetic
2026-01-01 10:11:55,229.6,0.04,9.2,2.5e-06,ON,LED_Bulb,synthetic
2026-01-01 10:11:56,231.5,0.038,8.8,2.5e-06,ON,LED_Bulb,synthetic
2026-01-01 10:11:57,229.8,0.001,0.1,0.0,OFF,LED_Bulb,synthetic
2026-01-01 10:11:58,229.1,0.0,0.1,0.0,OFF,LED_Bulb,synthetic
2026-01-01 10:11:59,230.3,0.038,8.9,2.5e-06,ON,LED_Bulb,synthetic
2026-01-01 10:12:00,230.6,0.041,9.4,2.6e-06,ON,LED_Bulb,synthetic
2026-01-01 10:12:01,229.6,0.042,9.6,2.7e-06,ON,LED_Bulb,synthetic
2026-01-01 10:12:02,228.8,0.001,0.2,0.0,OFF,LED_Bulb,synthetic
2026-01-01 10:12:03,231.0,0.038,8.9,2.5e-06,ON,LED_Bulb,synthetic
2026-01-01 10:12:04,229.8,0.039,9.0,2.5e-06,ON,LED_Bulb,synthetic
2026-01-01 10:12:05,230.1,0.04,9.3,2.6e-06,ON,LED_Bulb,synthetic
2026-01-01 10:12:06,229.0,0.039,8.9,2.5e-06,ON,LED_Bulb,synthetic
2026-01-01 10:12:07,230.2,0.0,0.0,0.0,OFF,LED_Bulb,synthetic
2026-01-01 10:12:08,230.7,0.0,0.1,0.0,OFF,LED_Bulb,synthetic
2026-01-01 10:12:09,229.5,0.039,9.1,2.5e-06,ON,LED_Bulb,synthetic
2026-01-01 10:12:10,229.3,0.039,8.9,2.5e-06,ON,LED_Bulb,synthetic
2026-01-01 10:12:11,229.8,0.038,8.8,2.4e-06,ON,LED_Bulb,synthetic
2026-01-01 10:12:12,229.1,0.039,9.0,2.5e-06,ON,LED_Bulb,synthetic
2026-01-01 10:12:13,229.7,0.001,0.2,1e-07,OFF,LED_Bulb,synthetic
2026-01-01 10:12:14,231.0,0.04,9.1,2.5e-06,ON,LED_Bulb,synthetic
2026-01-01 10:12:15,229.8,0.042,9.6,2.7e-06,ON,LED_Bulb,synthetic
2026-01-01 10:12:16,229.1,0.04,9.1,2.5e-06,ON,LED_Bulb,synthetic
2026-01-01 10:12:17,231.2,0.042,9.7,2.7e-06,ON,LED_Bulb,synthetic
2026-01-01 10:12:18,231.5,0.001,0.2,0.0,OFF,LED_Bulb,synthetic
2026-01-01 10:12:19,228.8,0.042,9.6,2.7e-06,ON,LED_Bulb,synthetic
2026-01-01 10:12:20,230.9,0.041,9.5,2.6e-06,ON,LED_Bulb,synthetic
2026-01-01 10:12:21,228.5,0.041,9.4,2.6e-06,ON,LED_Bulb,synthetic
2026-01-01 10:12:22,229.4,0.039,9.0,2.5e-06,ON,LED_Bulb,synthetic
2026-01-01 10:12:23,229.6,0.038,8.8,2.5e-06,ON,LED_Bulb,synthetic
2026-01-01 10:12:24,230.8,0.04,9.1,2.5e-06,ON,LED_Bulb,synthetic
2026-01-01 10:12:25,229.0,0.04,9.2,2.5e-06,ON,LED_Bulb,synthetic
2026-01-01 10:12:26,231.2,0.04,9.3,2.6e-06,ON,LED_Bulb,synthetic
2026-01-01 10:12:27,229.0,0.04,9.2,2.6e-06,ON,LED_Bulb,synthetic
2026-01-01 10:12:28,229.2,0.041,9.3,2.6e-06,ON,LED_Bulb,synthetic
2026-01-01 10:12:29,228.8,0.042,9.6,2.7e-06,ON,LED_Bulb,synthetic
2026-01-01 10:12:30,230.8,0.039,9.0,2.5e-06,ON,LED_Bulb,synthetic
2026-01-01 10:12:31,230.5,0.042,9.6,2.7e-06,ON,LED_Bulb,synthetic
2026-01-01 10:12:32,231.2,0.0,0.1,0.0,OFF,LED_Bulb,synthetic
2026-01-01 10:12:33,230.0,0.0,0.1,0.0,OFF,LED_Bulb,synthetic
2026-01-01 10:12:34,229.0,0.039,8.9,2.5e-06,ON,LED_Bulb,synthetic
2026-01-01 10:12:35,228.7,0.042,9.5,2.7e-06,ON,LED_Bulb,synthetic
2026-01-01 10:12:36,229.2,0.039,9.0,2.5e-06,ON,LED_Bulb,synthetic
2026-01-01 10:12:37,229.8,0.001,0.1,0.0,OFF,LED_Bulb,synthetic
2026-01-01 10:12:38,229.4,0.001,0.2,0.0,OFF,LED_Bulb,synthetic
2026-01-01 10:12:39,228.6,0.041,9.3,2.6e-06,ON,LED_Bulb,synthetic
2026-01-01 10:12:40,228.5,0.041,9.4,2.6e-06,ON,LED_Bulb,synthetic
2026-01-01 10:12:41,228.8,0.04,9.1,2.5e-06,ON,LED_Bulb,synthetic
2026-01-01 10:12:42,231.0,0.04,9.2,2.6e-06,ON,LED_Bulb,synthetic
2026-01-01 10:12:43,229.9,0.041,9.5,2.6e-06,ON,LED_Bulb,synthetic
2026-01-01 10:12:44,231.0,0.041,9.5,2.6e-06,ON,LED_Bulb,synthetic
2026-01-01 10:12:45,229.1,0.0,0.1,0.0,OFF,LED_Bulb,synthetic
2026-01-01 10:12:46,230.0,0.0,0.0,0.0,OFF,LED_Bulb,synthetic
2026-01-01 10:12:47,231.1,0.039,9.0,2.5e-06,ON,LED_Bulb,synthetic
2026-01-01 10:12:48,229.3,0.042,9.6,2.7e-06,ON,LED_Bulb,synthetic
2026-01-01 10:12:49,229.9,0.038,8.8,2.5e-06,ON,LED_Bulb,synthetic
2026-01-01 10:12:50,231.0,0.039,8.9,2.5e-06,ON,LED_Bulb,synthetic
2026-01-01 10:12:51,228.7,0.038,8.8,2.4e-06,ON,LED_Bulb,synthetic
2026-01-01 10:12:52,231.2,0.04,9.2,2.6e-06,ON,LED_Bulb,synthetic
2026-01-01 10:12:53,230.6,0.04,9.2,2.6e-06,ON,LED_Bulb,synthetic
2026-01-01 10:12:54,230.6,0.039,9.1,2.5e-06,ON,LED_Bulb,synthetic
2026-01-01 10:12:55,230.0,0.04,9.2,2.5e-06,ON,LED_Bulb,synthetic
2026-01-01 10:12:56,231.3,0.04,9.3,2.6e-06,ON,LED_Bulb,synthetic
2026-01-01 10:12:57,231.2,0.042,9.6,2.7e-06,ON,LED_Bulb,synthetic
2026-01-01 10:12:58,230.6,0.039,9.0,2.5e-06,ON,LED_Bulb,synthetic
2026-01-01 10:12:59,229.7,0.04,9.3,2.6e-06,ON,LED_Bulb,synthetic
2026-01-01 10:13:00,230.7,0.041,9.4,2.6e-06,ON,LED_Bulb,synthetic
2026-01-01 10:13:01,229.0,0.041,9.5,2.6e-06,ON,LED_Bulb,synthetic
2026-01-01 10:13:02,229.5,0.041,9.3,2.6e-06,ON,LED_Bulb,synthetic
2026-01-01 10:13:03,229.7,0.039,9.0,2.5e-06,ON,LED_Bulb,synthetic
2026-01-01 10:13:04,229.5,0.04,9.2,2.6e-06,ON,LED_Bulb,synthetic
2026-01-01 10:13:05,231.3,0.04,9.2,2.6e-06,ON,LED_Bulb,synthetic
2026-01-01 10:13:06,231.5,0.04,9.2,2.6e-06,ON,LED_Bulb,synthetic
2026-01-01 10:13:07,231.4,0.039,9.0,2.5e-06,ON,LED_Bulb,synthetic
2026-01-01 10:13:08,231.4,0.041,9.5,2.6e-06,ON,LED_Bulb,synthetic
2026-01-01 10:13:09,228.7,0.041,9.3,2.6e-06,ON,LED_Bulb,synthetic
2026-01-01 10:13:10,230.0,0.038,8.8,2.4e-06,ON,LED_Bulb,synthetic
2026-01-01 10:13:11,230.4,0.039,8.9,2.5e-06,ON,LED_Bulb,synthetic
2026-01-01 10:13:12,230.7,0.042,9.7,2.7e-06,ON,LED_Bulb,synthetic
2026-01-01 10:13:13,230.3,0.04,9.3,2.6e-06,ON,LED_Bulb,synthetic
2026-01-01 10:13:14,228.6,0.04,9.3,2.6e-06,ON,LED_Bulb,synthetic
2026-01-01 10:13:15,229.6,0.038,8.8,2.4e-06,ON,LED_Bulb,synthetic
2026-01-01 10:13:16,231.3,0.039,9.0,2.5e-06,ON,LED_Bulb,synthetic
2026-01-01 10:13:17,230.4,0.04,9.3,2.6e-06,ON,LED_Bulb,synthetic
2026-01-01 10:13:18,228.5,0.039,8.9,2.5e-06,ON,LED_Bulb,synthetic
2026-01-01 10:13:19,229.1,0.041,9.4,2.6e-06,ON,LED_Bulb,synthetic
2026-01-01 10:13:20,230.2,0.041,9.4,2.6e-06,ON,LED_Bulb,synthetic
2026-01-01 10:13:21,231.1,0.039,9.0,2.5e-06,ON,LED_Bulb,synthetic
2026-01-01 10:13:22,231.0,0.039,9.0,2.5e-06,ON,LED_Bulb,synthetic
2026-01-01 10:13:23,228.6,0.041,9.4,2.6e-06,ON,LED_Bulb,synthetic
2026-01-01 10:13:24,230.9,0.041,9.5,2.6e-06,ON,LED_Bulb,synthetic
2026-01-01 10:13:25,230.6,0.04,9.2,2.6e-06,ON,LED_Bulb,synthetic
2026-01-01 10:13:26,230.9,0.042,9.6,2.7e-06,ON,LED_Bulb,synthetic
2026-01-01 10:13:27,231.2,0.038,8.8,2.5e-06,ON,LED_Bulb,synthetic
2026-01-01 10:13:28,230.7,0.04,9.3,2.6e-06,ON,LED_Bulb,synthetic
2026-01-01 10:13:29,231.3,0.0,0.0,0.0,OFF,LED_Bulb,synthetic
2026-01-01 10:13:30,231.4,0.001,0.1,0.0,OFF,LED_Bulb,synthetic
2026-01-01 10:13:31,231.3,0.039,9.0,2.5e-06,ON,LED_Bulb,synthetic
2026-01-01 10:13:32,230.1,0.042,9.6,2.7e-06,ON,LED_Bulb,synthetic
2026-01-01 10:13:33,230.8,0.04,9.1,2.5e-06,ON,LED_Bulb,synthetic
2026-01-01 10:13:34,231.5,0.039,8.9,2.5e-06,ON,LED_Bulb,synthetic
2026-01-01 10:13:35,229.4,0.04,9.1,2.5e-06,ON,LED_Bulb,synthetic
2026-01-01 10:13:36,229.1,0.0,0.1,0.0,OFF,LED_Bulb,synthetic
2026-01-01 10:13:37,230.4,0.041,9.4,2.6e-06,ON,LED_Bulb,synthetic
2026-01-01 10:13:38,231.2,0.042,9.7,2.7e-06,ON,LED_Bulb,synthetic
2026-01-01 10:13:39,229.2,0.04,9.2,2.6e-06,ON,LED_Bulb,synthetic
2026-01-01 10:13:40,231.4,0.039,9.0,2.5e-06,ON,LED_Bulb,synthetic
2026-01-01 10:13:41,229.5,0.001,0.2,0.0,OFF,LED_Bulb,synthetic
2026-01-01 10:13:42,230.7,0.042,9.6,2.7e-06,ON,LED_Bulb,synthetic
2026-01-01 10:13:43,229.0,0.038,8.8,2.4e-06,ON,LED_Bulb,synthetic
2026-01-01 10:13:44,230.4,0.041,9.5,2.6e-06,ON,LED_Bulb,synthetic
2026-01-01 10:13:45,229.0,0.038,8.8,2.4e-06,ON,LED_Bulb,synthetic
2026-01-01 10:13:46,229.1,0.042,9.6,2.7e-06,ON,LED_Bulb,synthetic
2026-01-01 10:13:47,230.0,0.0,0.0,0.0,OFF,LED_Bulb,synthetic
2026-01-01 10:13:48,229.3,0.04,9.2,2.5e-06,ON,LED_Bulb,synthetic
2026-01-01 10:13:49,230.2,0.042,9.7,2.7e-06,ON,LED_Bulb,synthetic
2026-01-01 10:13:50,231.5,0.041,9.4,2.6e-06,ON,LED_Bulb,synthetic
2026-01-01 10:13:51,230.4,0.042,9.6,2.7e-06,ON,LED_Bulb,synthetic
2026-01-01 10:13:52,229.6,0.038,8.8,2.5e-06,ON,LED_Bulb,synthetic
2026-01-01 10:13:53,230.1,0.001,0.1,0.0,OFF,LED_Bulb,synthetic
2026-01-01 10:13:54,228.9,0.038,8.8,2.4e-06,ON,LED_Bulb,synthetic
2026-01-01 10:13:55,229.0,0.0,0.1,0.0,OFF,LED_Bulb,synthetic
2026-01-01 10:13:56,230.9,0.041,9.5,2.7e-06,ON,LED_Bulb,synthetic
2026-01-01 10:13:57,228.8,0.039,8.9,2.5e-06,ON,LED_Bulb,synthetic
2026-01-01 10:13:58,230.4,0.042,9.6,2.7e-06,ON,LED_Bulb,synthetic
2026-01-01 10:13:59,229.3,0.039,9.0,2.5e-06,ON,LED_Bulb,synthetic
2026-01-01 10:14:00,229.7,0.042,9.5,2.7e-06,ON,LED_Bulb,synthetic
2026-01-01 10:14:01,230.4,0.042,9.6,2.7e-06,ON,LED_Bulb,synthetic
2026-01-01 10:14:02,229.8,0.04,9.2,2.6e-06,ON,LED_Bulb,synthetic
2026-01-01 10:14:03,229.9,0.042,9.7,2.7e-06,ON,LED_Bulb,synthetic
2026-01-01 10:14:04,230.4,0.04,9.2,2.6e-06,ON,LED_Bulb,synthetic
2026-01-01 10:14:05,229.2,0.041,9.3,2.6e-06,ON,LED_Bulb,synthetic
2026-01-01 10:14:06,229.4,0.001,0.2,1e-07,OFF,LED_Bulb,synthetic
2026-01-01 10:14:07,231.1,0.039,9.1,2.5e-06,ON,LED_Bulb,synthetic
2026-01-01 10:14:08,231.1,0.041,9.5,2.6e-06,ON,LED_Bulb,synthetic
2026-01-01 10:14:09,228.6,0.039,8.9,2.5e-06,ON,LED_Bulb,synthetic
2026-01-01 10:14:10,230.8,0.042,9.7,2.7e-06,ON,LED_Bulb,synthetic
2026-01-01 10:14:11,230.4,0.04,9.1,2.5e-06,ON,LED_Bulb,synthetic
2026-01-01 10:14:12,229.7,0.039,9.0,2.5e-06,ON,LED_Bulb,synthetic
2026-01-01 10:14:13,228.6,0.041,9.3,2.6e-06,ON,LED_Bulb,synthetic
2026-01-01 10:14:14,229.7,0.039,9.0,2.5e-06,ON,LED_Bulb,synthetic
2026-01-01 10:14:15,230.8,0.0,0.0,0.0,OFF,LED_Bulb,synthetic
2026-01-01 10:14:16,230.1,0.038,8.8,2.4e-06,ON,LED_Bulb,synthetic
2026-01-01 10:14:17,230.4,0.042,9.7,2.7e-06,ON,LED_Bulb,synthetic
2026-01-01 10:14:18,231.1,0.001,0.1,0.0,OFF,LED_Bulb,synthetic
2026-01-01 10:14:19,229.3,0.041,9.5,2.6e-06,ON,LED_Bulb,synthetic
2026-01-01 10:14:20,230.8,0.041,9.5,2.6e-06,ON,LED_Bulb,synthetic
2026-01-01 10:14:21,229.6,0.038,8.8,2.4e-06,ON,LED_Bulb,synthetic
2026-01-01 10:14:22,228.7,0.001,0.1,0.0,OFF,LED_Bulb,synthetic
2026-01-01 10:14:23,230.8,0.041,9.6,2.7e-06,ON,LED_Bulb,synthetic
2026-01-01 10:14:24,229.2,0.041,9.4,2.6e-06,ON,LED_Bulb,synthetic
2026-01-01 10:14:25,230.6,0.04,9.2,2.6e-06,ON,LED_Bulb,synthetic
2026-01-01 10:14:26,229.4,0.042,9.5,2.7e-06,ON,LED_Bulb,synthetic
2026-01-01 10:14:27,230.2,0.041,9.4,2.6e-06,ON,LED_Bulb,synthetic
2026-01-01 10:14:28,229.6,0.039,9.0,2.5e-06,ON,LED_Bulb,synthetic
2026-01-01 10:14:29,229.0,0.04,9.2,2.6e-06,ON,LED_Bulb,synthetic
2026-01-01 10:14:30,231.4,0.041,9.5,2.6e-06,ON,LED_Bulb,synthetic
2026-01-01 10:14:31,229.3,0.001,0.2,1e-07,OFF,LED_Bulb,synthetic
2026-01-01 10:14:32,230.7,0.041,9.5,2.6e-06,ON,LED_Bulb,synthetic
2026-01-01 10:14:33,229.8,0.04,9.2,2.5e-06,ON,LED_Bulb,synthetic
2026-01-01 10:14:34,229.0,0.039,8.9,2.5e-06,ON,LED_Bulb,synthetic
2026-01-01 10:14:35,230.4,0.001,0.1,0.0,OFF,LED_Bulb,synthetic
2026-01-01 10:14:36,230.9,0.039,9.0,2.5e-06,ON,LED_Bulb,synthetic
2026-01-01 10:14:37,230.3,0.039,9.0,2.5e-06,ON,LED_Bulb,synthetic
2026-01-01 10:14:38,229.9,0.04,9.2,2.5e-06,ON,LED_Bulb,synthetic
2026-01-01 10:14:39,229.1,0.042,9.5,2.6e-06,ON,LED_Bulb,synthetic
2026-01-01 10:14:40,229.0,0.039,9.0,2.5e-06,ON,LED_Bulb,synthetic
2026-01-01 10:14:41,231.3,0.039,9.0,2.5e-06,ON,LED_Bulb,synthetic
2026-01-01 10:14:42,228.8,0.041,9.5,2.6e-06,ON,LED_Bulb,synthetic
2026-01-01 10:14:43,230.2,0.04,9.2,2.6e-06,ON,LED_Bulb,synthetic
2026-01-01 10:14:44,230.2,0.041,9.4,2.6e-06,ON,LED_Bulb,synthetic
2026-01-01 10:14:45,230.6,0.041,9.4,2.6e-06,ON,LED_Bulb,synthetic
2026-01-01 10:14:46,230.0,0.04,9.3,2.6e-06,ON,LED_Bulb,synthetic
2026-01-01 10:14:47,230.9,0.041,9.5,2.6e-06,ON,LED_Bulb,synthetic
2026-01-01 10:14:48,231.0,0.041,9.6,2.7e-06,ON,LED_Bulb,synthetic
2026-01-01 10:14:49,229.3,0.041,9.4,2.6e-06,ON,LED_Bulb,synthetic
2026-01-01 10:14:50,229.4,0.041,9.4,2.6e-06,ON,LED_Bulb,synthetic
2026-01-01 10:14:51,228.6,0.0,0.1,0.0,OFF,LED_Bulb,synthetic
2026-01-01 10:14:52,229.8,0.039,8.9,2.5e-06,ON,LED_Bulb,synthetic
2026-01-01 10:14:53,229.8,0.041,9.3,2.6e-06,ON,LED_Bulb,synthetic
2026-01-01 10:14:54,231.1,0.041,9.4,2.6e-06,ON,LED_Bulb,synthetic
2026-01-01 10:14:55,229.8,0.041,9.4,2.6e-06,ON,LED_Bulb,synthetic
2026-01-01 10:14:56,228.6,0.04,9.1,2.5e-06,ON,LED_Bulb,synthetic
2026-01-01 10:14:57,228.7,0.042,9.6,2.7e-06,ON,LED_Bulb,synthetic
2026-01-01 10:14:58,230.6,0.039,9.1,2.5e-06,ON,LED_Bulb,synthetic
2026-01-01 10:14:59,230.1,0.042,9.6,2.7e-06,ON,LED_Bulb,synthetic
2026-01-01 10:15:00,230.9,0.038,8.8,2.5e-06,ON,LED_Bulb,synthetic
2026-01-01 10:15:01,230.8,0.038,8.8,2.4e-06,ON,LED_Bulb,synthetic
2026-01-01 10:15:02,230.9,0.039,9.0,2.5e-06,ON,LED_Bulb,synthetic
2026-01-01 10:15:03,231.2,0.038,8.9,2.5e-06,ON,LED_Bulb,synthetic
2026-01-01 10:15:04,228.6,0.039,9.0,2.5e-06,ON,LED_Bulb,synthetic
2026-01-01 10:15:05,230.9,0.001,0.2,1e-07,OFF,LED_Bulb,synthetic
2026-01-01 10:15:06,229.8,0.04,9.2,2.6e-06,ON,LED_Bulb,synthetic
2026-01-01 10:15:07,231.3,0.039,9.1,2.5e-06,ON,LED_Bulb,synthetic
2026-01-01 10:15:08,231.4,0.001,0.2,1e-07,OFF,LED_Bulb,synthetic
2026-01-01 10:15:09,229.2,0.039,8.9,2.5e-06,ON,LED_Bulb,synthetic
2026-01-01 10:15:10,230.6,0.042,9.6,2.7e-06,ON,LED_Bulb,synthetic
2026-01-01 10:15:11,229.1,0.04,9.3,2.6e-06,ON,LED_Bulb,synthetic
2026-01-01 10:15:12,230.5,0.041,9.4,2.6e-06,ON,LED_Bulb,synthetic
2026-01-01 10:15:13,229.0,0.039,8.8,2.5e-06,ON,LED_Bulb,synthetic
2026-01-01 10:15:14,229.2,0.001,0.2,1e-07,OFF,LED_Bulb,synthetic
2026-01-01 10:15:15,229.2,0.042,9.6,2.7e-06,ON,LED_Bulb,synthetic
2026-01-01 10:15:16,231.1,0.042,9.7,2.7e-06,ON,LED_Bulb,synthetic
2026-01-01 10:15:17,231.3,0.0,0.0,0.0,OFF,LED_Bulb,synthetic
2026-01-01 10:15:18,230.4,0.0,0.0,0.0,OFF,LED_Bulb,synthetic
2026-01-01 10:15:19,230.3,0.039,9.0,2.5e-06,ON,LED_Bulb,synthetic
2026-01-01 10:15:20,231.5,0.042,9.7,2.7e-06,ON,LED_Bulb,synthetic
2026-01-01 10:15:21,230.8,0.04,9.1,2.5e-06,ON,LED_Bulb,synthetic
2026-01-01 10:15:22,229.6,0.038,8.7,2.4e-06,ON,LED_Bulb,synthetic
2026-01-01 10:15:23,231.3,0.039,8.9,2.5e-06,ON,LED_Bulb,synthetic
2026-01-01 10:15:24,228.8,0.04,9.2,2.6e-06,ON,LED_Bulb,synthetic
2026-01-01 10:15:25,230.7,0.001,0.2,0.0,OFF,LED_Bulb,synthetic
2026-01-01 10:15:26,230.5,0.0,0.1,0.0,OFF,LED_Bulb,synthetic
2026-01-01 10:15:27,230.6,0.04,9.2,2.6e-06,ON,LED_Bulb,synthetic
2026-01-01 10:15:28,229.9,0.041,9.3,2.6e-06,ON,LED_Bulb,synthetic
2026-01-01 10:15:29,230.0,0.042,9.6,2.7e-06,ON,LED_Bulb,synthetic
2026-01-01 10:15:30,229.5,0.041,9.4,2.6e-06,ON,LED_Bulb,synthetic
2026-01-01 10:15:31,230.1,0.038,8.8,2.4e-06,ON,LED_Bulb,synthetic
2026-01-01 10:15:32,229.6,0.042,9.5,2.7e-06,ON,LED_Bulb,synthetic
2026-01-01 10:15:33,230.4,0.042,9.6,2.7e-06,ON,LED_Bulb,synthetic
2026-01-01 10:15:34,230.7,0.042,9.7,2.7e-06,ON,LED_Bulb,synthetic
2026-01-01 10:15:35,228.7,0.04,9.1,2.5e-06,ON,LED_Bulb,synthetic
2026-01-01 10:15:36,230.1,0.04,9.2,2.6e-06,ON,LED_Bulb,synthetic
2026-01-01 10:15:37,228.6,0.04,9.1,2.5e-06,ON,LED_Bulb,synthetic
2026-01-01 10:15:38,230.7,0.042,9.7,2.7e-06,ON,LED_Bulb,synthetic
2026-01-01 10:15:39,231.0,0.038,8.9,2.5e-06,ON,LED_Bulb,synthetic
2026-01-01 10:15:40,230.9,0.041,9.6,2.7e-06,ON,LED_Bulb,synthetic
2026-01-01 10:15:41,230.5,0.04,9.3,2.6e-06,ON,LED_Bulb,synthetic
2026-01-01 10:15:42,231.3,0.039,9.1,2.5e-06,ON,LED_Bulb,synthetic
2026-01-01 10:15:43,229.2,0.041,9.5,2.6e-06,ON,LED_Bulb,synthetic
2026-01-01 10:15:44,228.5,0.04,9.3,2.6e-06,ON,LED_Bulb,synthetic
2026-01-01 10:15:45,231.2,0.04,9.2,2.6e-06,ON,LED_Bulb,synthetic
2026-01-01 10:15:46,229.1,0.04,9.2,2.6e-06,ON,LED_Bulb,synthetic
2026-01-01 10:15:47,231.1,0.001,0.1,0.0,OFF,LED_Bulb,synthetic
2026-01-01 10:15:48,230.9,0.039,8.9,2.5e-06,ON,LED_Bulb,synthetic
2026-01-01 10:15:49,229.0,0.04,9.1,2.5e-06,ON,LED_Bulb,synthetic
2026-01-01 10:15:50,229.8,0.039,9.0,2.5e-06,ON,LED_Bulb,synthetic
2026-01-01 10:15:51,231.2,0.04,9.2,2.5e-06,ON,LED_Bulb,synthetic
2026-01-01 10:15:52,229.2,0.039,9.0,2.5e-06,ON,LED_Bulb,synthetic
2026-01-01 10:15:53,230.0,0.042,9.6,2.7e-06,ON,LED_Bulb,synthetic
2026-01-01 10:15:54,228.9,0.04,9.2,2.5e-06,ON,LED_Bulb,synthetic
2026-01-01 10:15:55,228.9,0.04,9.2,2.6e-06,ON,LED_Bulb,synthetic
2026-01-01 10:15:56,229.9,0.001,0.2,1e-07,OFF,LED_Bulb,synthetic
2026-01-01 10:15:57,228.9,0.041,9.5,2.6e-06,ON,LED_Bulb,synthetic
2026-01-01 10:15:58,230.3,0.001,0.1,0.0,OFF,LED_Bulb,synthetic
2026-01-01 10:15:59,229.1,0.039,9.0,2.5e-06,ON,LED_Bulb,synthetic
2026-01-01 10:16:00,229.4,0.041,9.5,2.6e-06,ON,LED_Bulb,synthetic
2026-01-01 10:16:01,231.1,0.039,8.9,2.5e-06,ON,LED_Bulb,synthetic
2026-01-01 10:16:02,231.0,0.041,9.4,2.6e-06,ON,LED_Bulb,synthetic
2026-01-01 10:16:03,228.5,0.042,9.6,2.7e-06,ON,LED_Bulb,synthetic
2026-01-01 10:16:04,231.1,0.04,9.2,2.5e-06,ON,LED_Bulb,synthetic
2026-01-01 10:16:05,231.1,0.042,9.7,2.7e-06,ON,LED_Bulb,synthetic
2026-01-01 10:16:06,230.8,0.0,0.0,0.0,OFF,LED_Bulb,synthetic
2026-01-01 10:16:07,229.9,0.039,8.9,2.5e-06,ON,LED_Bulb,synthetic
2026-01-01 10:16:08,228.9,0.039,9.0,2.5e-06,ON,LED_Bulb,synthetic
2026-01-01 10:16:09,229.8,0.039,8.9,2.5e-06,ON,LED_Bulb,synthetic
2026-01-01 10:16:10,230.0,0.041,9.4,2.6e-06,ON,LED_Bulb,synthetic
2026-01-01 10:16:11,230.5,0.038,8.8,2.4e-06,ON,LED_Bulb,synthetic
2026-01-01 10:16:12,228.7,0.001,0.2,1e-07,OFF,LED_Bulb,synthetic
2026-01-01 10:16:13,229.2,0.04,9.1,2.5e-06,ON,LED_Bulb,synthetic
2026-01-01 10:16:14,230.2,0.042,9.6,2.7e-06,ON,LED_Bulb,synthetic
2026-01-01 10:16:15,231.2,0.039,8.9,2.5e-06,ON,LED_Bulb,synthetic
2026-01-01 10:16:16,230.9,0.039,8.9,2.5e-06,ON,LED_Bulb,synthetic
2026-01-01 10:16:17,229.1,0.001,0.1,0.0,OFF,LED_Bulb,synthetic
2026-01-01 10:16:18,230.3,0.04,9.1,2.5e-06,ON,LED_Bulb,synthetic
2026-01-01 10:16:19,231.4,0.039,9.0,2.5e-06,ON,LED_Bulb,synthetic
2026-01-01 10:16:20,230.8,0.042,9.7,2.7e-06,ON,LED_Bulb,synthetic
2026-01-01 10:16:21,230.6,0.042,9.6,2.7e-06,ON,LED_Bulb,synthetic
2026-01-01 10:16:22,230.1,0.039,8.9,2.5e-06,ON,LED_Bulb,synthetic
2026-01-01 10:16:23,229.5,0.041,9.3,2.6e-06,ON,LED_Bulb,synthetic
2026-01-01 10:16:24,230.3,0.039,9.1,2.5e-06,ON,LED_Bulb,synthetic
2026-01-01 10:16:25,231.3,0.04,9.3,2.6e-06,ON,LED_Bulb,synthetic
2026-01-01 10:16:26,229.7,0.0,0.0,0.0,OFF,LED_Bulb,synthetic
2026-01-01 10:16:27,229.4,0.041,9.5,2.6e-06,ON,LED_Bulb,synthetic
2026-01-01 10:16:28,230.3,0.0,0.1,0.0,OFF,LED_Bulb,synthetic
2026-01-01 10:16:29,229.6,0.039,8.9,2.5e-06,ON,LED_Bulb,synthetic
2026-01-01 10:16:30,231.4,0.04,9.3,2.6e-06,ON,LED_Bulb,synthetic
2026-01-01 10:16:31,230.8,0.039,9.0,2.5e-06,ON,LED_Bulb,synthetic
2026-01-01 10:16:32,231.5,0.039,9.1,2.5e-06,ON,LED_Bulb,synthetic
2026-01-01 10:16:33,229.7,0.0,0.1,0.0,OFF,LED_Bulb,synthetic
2026-01-01 10:16:34,230.5,0.039,8.9,2.5e-06,ON,LED_Bulb,synthetic
2026-01-01 10:16:35,231.2,0.041,9.5,2.6e-06,ON,LED_Bulb,synthetic
2026-01-01 10:16:36,230.6,0.039,9.0,2.5e-06,ON,LED_Bulb,synthetic
2026-01-01 10:16:37,230.1,0.041,9.4,2.6e-06,ON,LED_Bulb,synthetic
2026-01-01 10:16:38,228.8,0.041,9.4,2.6e-06,ON,LED_Bulb,synthetic
2026-01-01 10:16:39,229.7,0.041,9.3,2.6e-06,ON,LED_Bulb,synthetic
2026-01-01 10:16:40,228.7,0.039,8.9,2.5e-06,ON,LED_Bulb,synthetic
2026-01-01 10:16:41,228.8,0.042,9.5,2.7e-06,ON,LED_Bulb,synthetic
2026-01-01 10:16:42,228.5,0.039,8.9,2.5e-06,ON,LED_Bulb,synthetic
2026-01-01 10:16:43,231.1,0.001,0.1,0.0,OFF,LED_Bulb,synthetic
2026-01-01 10:16:44,230.2,0.001,0.1,0.0,OFF,LED_Bulb,synthetic
2026-01-01 10:16:45,231.2,0.041,9.4,2.6e-06,ON,LED_Bulb,synthetic
2026-01-01 10:16:46,231.4,0.042,9.7,2.7e-06,ON,LED_Bulb,synthetic
2026-01-01 10:16:47,229.8,0.039,9.0,2.5e-06,ON,LED_Bulb,synthetic
2026-01-01 10:16:48,229.0,0.041,9.5,2.6e-06,ON,LED_Bulb,synthetic
2026-01-01 10:16:49,230.2,0.039,9.1,2.5e-06,ON,LED_Bulb,synthetic
2026-01-01 10:16:50,230.5,0.039,9.1,2.5e-06,ON,LED_Bulb,synthetic
2026-01-01 10:16:51,231.3,0.0,0.0,0.0,OFF,LED_Bulb,synthetic
2026-01-01 10:16:52,229.4,0.039,8.9,2.5e-06,ON,LED_Bulb,synthetic
2026-01-01 10:16:53,228.8,0.042,9.5,2.6e-06,ON,LED_Bulb,synthetic
2026-01-01 10:16:54,229.6,0.041,9.5,2.6e-06,ON,LED_Bulb,synthetic
2026-01-01 10:16:55,230.9,0.039,9.0,2.5e-06,ON,LED_Bulb,synthetic
2026-01-01 10:16:56,228.8,0.0,0.0,0.0,OFF,LED_Bulb,synthetic
2026-01-01 10:16:57,231.0,0.041,9.4,2.6e-06,ON,LED_Bulb,synthetic
2026-01-01 10:16:58,228.8,0.038,8.8,2.4e-06,ON,LED_Bulb,synthetic
2026-01-01 10:16:59,230.8,0.04,9.1,2.5e-06,ON,LED_Bulb,synthetic
2026-01-01 10:17:00,231.1,0.039,8.9,2.5e-06,ON,LED_Bulb,synthetic
2026-01-01 10:17:01,230.5,0.039,8.9,2.5e-06,ON,LED_Bulb,synthetic
2026-01-01 10:17:02,230.7,0.04,9.3,2.6e-06,ON,LED_Bulb,synthetic
2026-01-01 10:17:03,228.8,0.039,8.8,2.5e-06,ON,LED_Bulb,synthetic
2026-01-01 10:17:04,228.9,0.041,9.3,2.6e-06,ON,LED_Bulb,synthetic
2026-01-01 10:17:05,231.1,0.041,9.5,2.6e-06,ON,LED_Bulb,synthetic
2026-01-01 10:17:06,230.7,0.039,9.1,2.5e-06,ON,LED_Bulb,synthetic
2026-01-01 10:17:07,230.9,0.039,9.1,2.5e-06,ON,LED_Bulb,synthetic
2026-01-01 10:17:08,230.0,0.0,0.0,0.0,OFF,LED_Bulb,synthetic
2026-01-01 10:17:09,229.1,0.04,9.1,2.5e-06,ON,LED_Bulb,synthetic
2026-01-01 10:17:10,228.7,0.038,8.8,2.4e-06,ON,LED_Bulb,synthetic
2026-01-01 10:17:11,231.2,0.04,9.3,2.6e-06,ON,LED_Bulb,synthetic
2026-01-01 10:17:12,230.1,0.041,9.5,2.7e-06,ON,LED_Bulb,synthetic
2026-01-01 10:17:13,231.0,0.039,9.1,2.5e-06,ON,LED_Bulb,synthetic
2026-01-01 10:17:14,229.2,0.041,9.4,2.6e-06,ON,LED_Bulb,synthetic
2026-01-01 10:17:15,230.4,0.04,9.3,2.6e-06,ON,LED_Bulb,synthetic
2026-01-01 10:17:16,230.0,0.039,9.0,2.5e-06,ON,LED_Bulb,synthetic
2026-01-01 10:17:17,230.3,0.04,9.2,2.5e-06,ON,LED_Bulb,synthetic
2026-01-01 10:17:18,230.0,0.041,9.4,2.6e-06,ON,LED_Bulb,synthetic
2026-01-01 10:17:19,231.2,0.0,0.1,0.0,OFF,LED_Bulb,synthetic
2026-01-01 10:17:20,230.1,0.039,9.0,2.5e-06,ON,LED_Bulb,synthetic
2026-01-01 10:17:21,231.3,0.038,8.9,2.5e-06,ON,LED_Bulb,synthetic
2026-01-01 10:17:22,229.9,0.038,8.8,2.4e-06,ON,LED_Bulb,synthetic
2026-01-01 10:17:23,228.5,0.0,0.0,0.0,OFF,LED_Bulb,synthetic
2026-01-01 10:17:24,229.0,0.0,0.1,0.0,OFF,LED_Bulb,synthetic
2026-01-01 10:17:25,229.5,0.041,9.4,2.6e-06,ON,LED_Bulb,synthetic
2026-01-01 10:17:26,231.3,0.0,0.1,0.0,OFF,LED_Bulb,synthetic
2026-01-01 10:17:27,229.4,0.042,9.6,2.7e-06,ON,LED_Bulb,synthetic
2026-01-01 10:17:28,229.5,0.041,9.4,2.6e-06,ON,LED_Bulb,synthetic
2026-01-01 10:17:29,228.6,0.001,0.2,1e-07,OFF,LED_Bulb,synthetic
2026-01-01 10:17:30,230.1,0.04,9.1,2.5e-06,ON,LED_Bulb,synthetic
2026-01-01 10:17:31,230.2,0.04,9.2,2.6e-06,ON,LED_Bulb,synthetic
2026-01-01 10:17:32,230.1,0.042,9.6,2.7e-06,ON,LED_Bulb,synthetic
2026-01-01 10:17:33,231.1,0.042,9.7,2.7e-06,ON,LED_Bulb,synthetic
2026-01-01 10:17:34,229.3,0.041,9.4,2.6e-06,ON,LED_Bulb,synthetic
2026-01-01 10:17:35,229.2,0.041,9.5,2.6e-06,ON,LED_Bulb,synthetic
2026-01-01 10:17:36,230.7,0.039,9.0,2.5e-06,ON,LED_Bulb,synthetic
2026-01-01 10:17:37,229.3,0.041,9.3,2.6e-06,ON,LED_Bulb,synthetic
2026-01-01 10:17:38,231.3,0.04,9.3,2.6e-06,ON,LED_Bulb,synthetic
2026-01-01 10:17:39,229.0,0.042,9.5,2.6e-06,ON,LED_Bulb,synthetic
2026-01-01 10:17:40,231.2,0.041,9.5,2.7e-06,ON,LED_Bulb,synthetic
2026-01-01 10:17:41,228.6,0.039,9.0,2.5e-06,ON,LED_Bulb,synthetic
2026-01-01 10:17:42,228.8,0.038,8.7,2.4e-06,ON,LED_Bulb,synthetic
2026-01-01 10:17:43,229.7,0.039,8.9,2.5e-06,ON,LED_Bulb,synthetic
2026-01-01 10:17:44,231.0,0.041,9.4,2.6e-06,ON,LED_Bulb,synthetic
2026-01-01 10:17:45,230.0,0.039,9.0,2.5e-06,ON,LED_Bulb,synthetic
2026-01-01 10:17:46,230.2,0.04,9.3,2.6e-06,ON,LED_Bulb,synthetic
2026-01-01 10:17:47,229.3,0.001,0.2,0.0,OFF,LED_Bulb,synthetic
2026-01-01 10:17:48,228.6,0.0,0.0,0.0,OFF,LED_Bulb,synthetic
2026-01-01 10:17:49,228.5,0.041,9.5,2.6e-06,ON,LED_Bulb,synthetic
2026-01-01 10:17:50,229.4,0.04,9.3,2.6e-06,ON,LED_Bulb,synthetic
2026-01-01 10:17:51,230.5,0.041,9.4,2.6e-06,ON,LED_Bulb,synthetic
2026-01-01 10:17:52,229.3,0.001,0.2,0.0,OFF,LED_Bulb,synthetic
2026-01-01 10:17:53,231.4,0.042,9.6,2.7e-06,ON,LED_Bulb,synthetic
2026-01-01 10:17:54,229.2,0.039,8.9,2.5e-06,ON,LED_Bulb,synthetic
2026-01-01 10:17:55,230.9,0.041,9.4,2.6e-06,ON,LED_Bulb,synthetic
2026-01-01 10:17:56,231.4,0.04,9.3,2.6e-06,ON,LED_Bulb,synthetic
2026-01-01 10:17:57,228.8,0.04,9.1,2.5e-06,ON,LED_Bulb,synthetic
2026-01-01 10:17:58,229.8,0.04,9.2,2.5e-06,ON,LED_Bulb,synthetic
2026-01-01 10:17:59,228.5,0.041,9.4,2.6e-06,ON,LED_Bulb,synthetic
2026-01-01 10:18:00,231.0,0.001,0.2,1e-07,OFF,LED_Bulb,synthetic
2026-01-01 10:18:01,229.6,0.001,0.2,1e-07,OFF,LED_Bulb,synthetic
2026-01-01 10:18:02,230.0,0.039,9.0,2.5e-06,ON,LED_Bulb,synthetic
2026-01-01 10:18:03,230.5,0.04,9.3,2.6e-06,ON,LED_Bulb,synthetic
2026-01-01 10:18:04,229.9,0.039,9.0,2.5e-06,ON,LED_Bulb,synthetic
2026-01-01 10:18:05,231.2,0.0,0.0,0.0,OFF,LED_Bulb,synthetic
2026-01-01 10:18:06,229.5,0.001,0.1,0.0,OFF,LED_Bulb,synthetic
2026-01-01 10:18:07,228.8,0.0,0.0,0.0,OFF,LED_Bulb,synthetic
2026-01-01 10:18:08,230.8,0.039,9.1,2.5e-06,ON,LED_Bulb,synthetic
2026-01-01 10:18:09,229.0,0.039,9.0,2.5e-06,ON,LED_Bulb,synthetic
2026-01-01 10:18:10,231.2,0.042,9.6,2.7e-06,ON,LED_Bulb,synthetic
2026-01-01 10:18:11,230.3,0.041,9.4,2.6e-06,ON,LED_Bulb,synthetic
2026-01-01 10:18:12,231.5,0.039,9.0,2.5e-06,ON,LED_Bulb,synthetic
2026-01-01 10:18:13,229.7,0.039,9.0,2.5e-06,ON,LED_Bulb,synthetic
2026-01-01 10:18:14,230.1,0.038,8.8,2.4e-06,ON,LED_Bulb,synthetic
2026-01-01 10:18:15,229.7,0.001,0.1,0.0,OFF,LED_Bulb,synthetic
2026-01-01 10:18:16,229.4,0.039,8.9,2.5e-06,ON,LED_Bulb,synthetic
2026-01-01 10:18:17,231.2,0.0,0.0,0.0,OFF,LED_Bulb,synthetic
2026-01-01 10:18:18,229.9,0.039,9.1,2.5e-06,ON,LED_Bulb,synthetic
2026-01-01 10:18:19,231.4,0.04,9.2,2.5e-06,ON,LED_Bulb,synthetic
2026-01-01 10:18:20,229.9,0.041,9.3,2.6e-06,ON,LED_Bulb,synthetic
2026-01-01 10:18:21,229.7,0.04,9.1,2.5e-06,ON,LED_Bulb,synthetic
2026-01-01 10:18:22,229.4,0.039,9.0,2.5e-06,ON,LED_Bulb,synthetic
2026-01-01 10:18:23,231.3,0.039,9.0,2.5e-06,ON,LED_Bulb,synthetic
2026-01-01 10:18:24,228.8,0.001,0.2,1e-07,OFF,LED_Bulb,synthetic
2026-01-01 10:18:25,230.6,0.042,9.6,2.7e-06,ON,LED_Bulb,synthetic
2026-01-01 10:18:26,231.3,0.042,9.7,2.7e-06,ON,LED_Bulb,synthetic
2026-01-01 10:18:27,230.6,0.001,0.2,1e-07,OFF,LED_Bulb,synthetic
2026-01-01 10:18:28,230.2,0.04,9.3,2.6e-06,ON,LED_Bulb,synthetic
2026-01-01 10:18:29,231.1,0.041,9.4,2.6e-06,ON,LED_Bulb,synthetic
2026-01-01 10:18:30,231.4,0.039,9.0,2.5e-06,ON,LED_Bulb,synthetic
2026-01-01 10:18:31,231.1,0.039,9.1,2.5e-06,ON,LED_Bulb,synthetic
2026-01-01 10:18:32,230.2,0.0,0.1,0.0,OFF,LED_Bulb,synthetic
2026-01-01 10:18:33,229.0,0.039,8.9,2.5e-06,ON,LED_Bulb,synthetic
2026-01-01 10:18:34,231.4,0.04,9.4,2.6e-06,ON,LED_Bulb,synthetic
2026-01-01 10:18:35,231.0,0.04,9.3,2.6e-06,ON,LED_Bulb,synthetic
2026-01-01 10:18:36,231.2,0.0,0.1,0.0,OFF,LED_Bulb,synthetic
2026-01-01 10:18:37,229.7,0.04,9.3,2.6e-06,ON,LED_Bulb,synthetic
2026-01-01 10:18:38,229.6,0.038,8.8,2.4e-06,ON,LED_Bulb,synthetic
2026-01-01 10:18:39,230.4,0.039,8.9,2.5e-06,ON,LED_Bulb,synthetic
2026-01-01 10:18:40,229.1,0.039,9.0,2.5e-06,ON,LED_Bulb,synthetic
2026-01-01 10:18:41,230.1,0.0,0.0,0.0,OFF,LED_Bulb,synthetic
2026-01-01 10:18:42,231.0,0.042,9.6,2.7e-06,ON,LED_Bulb,synthetic
2026-01-01 10:18:43,229.1,0.039,8.8,2.5e-06,ON,LED_Bulb,synthetic
2026-01-01 10:18:44,228.6,0.041,9.5,2.6e-06,ON,LED_Bulb,synthetic
2026-01-01 10:18:45,230.3,0.041,9.4,2.6e-06,ON,LED_Bulb,synthetic
2026-01-01 10:18:46,229.0,0.041,9.3,2.6e-06,ON,LED_Bulb,synthetic
2026-01-01 10:18:47,228.9,0.039,8.8,2.5e-06,ON,LED_Bulb,synthetic
2026-01-01 10:18:48,229.5,0.039,9.0,2.5e-06,ON,LED_Bulb,synthetic
2026-01-01 10:18:49,231.0,0.04,9.1,2.5e-06,ON,LED_Bulb,synthetic
2026-01-01 10:18:50,228.7,0.041,9.3,2.6e-06,ON,LED_Bulb,synthetic
2026-01-01 10:18:51,229.7,0.041,9.4,2.6e-06,ON,LED_Bulb,synthetic
2026-01-01 10:18:52,231.3,0.039,9.0,2.5e-06,ON,LED_Bulb,synthetic
2026-01-01 10:18:53,230.4,0.038,8.8,2.4e-06,ON,LED_Bulb,synthetic
2026-01-01 10:18:54,230.8,0.041,9.5,2.6e-06,ON,LED_Bulb,synthetic
2026-01-01 10:18:55,230.3,0.039,9.1,2.5e-06,ON,LED_Bulb,synthetic
2026-01-01 10:18:56,228.8,0.039,8.9,2.5e-06,ON,LED_Bulb,synthetic
2026-01-01 10:18:57,230.6,0.04,9.3,2.6e-06,ON,LED_Bulb,synthetic
2026-01-01 10:18:58,228.7,0.042,9.5,2.6e-06,ON,LED_Bulb,synthetic
2026-01-01 10:18:59,229.9,0.041,9.5,2.6e-06,ON,LED_Bulb,synthetic
2026-01-01 10:19:00,228.8,0.039,9.0,2.5e-06,ON,LED_Bulb,synthetic
2026-01-01 10:19:01,230.4,0.001,0.2,1e-07,OFF,LED_Bulb,synthetic
2026-01-01 10:19:02,230.8,0.038,8.8,2.4e-06,ON,LED_Bulb,synthetic
2026-01-01 10:19:03,229.1,0.001,0.1,0.0,OFF,LED_Bulb,synthetic
2026-01-01 10:19:04,230.4,0.041,9.5,2.6e-06,ON,LED_Bulb,synthetic
2026-01-01 10:19:05,230.8,0.04,9.2,2.6e-06,ON,LED_Bulb,synthetic
2026-01-01 10:19:06,229.0,0.04,9.1,2.5e-06,ON,LED_Bulb,synthetic
2026-01-01 10:19:07,230.0,0.001,0.2,0.0,OFF,LED_Bulb,synthetic
2026-01-01 10:19:08,231.2,0.039,9.0,2.5e-06,ON,LED_Bulb,synthetic
2026-01-01 10:19:09,229.2,0.0,0.1,0.0,OFF,LED_Bulb,synthetic
2026-01-01 10:19:10,228.8,0.041,9.3,2.6e-06,ON,LED_Bulb,synthetic
2026-01-01 10:19:11,231.0,0.041,9.5,2.6e-06,ON,LED_Bulb,synthetic
2026-01-01 10:19:12,228.9,0.038,8.8,2.4e-06,ON,LED_Bulb,synthetic
2026-01-01 10:19:13,229.2,0.001,0.2,1e-07,OFF,LED_Bulb,synthetic
2026-01-01 10:19:14,231.2,0.038,8.8,2.5e-06,ON,LED_Bulb,synthetic
2026-01-01 10:19:15,230.8,0.039,9.1,2.5e-06,ON,LED_Bulb,synthetic
2026-01-01 10:19:16,230.8,0.041,9.4,2.6e-06,ON,LED_Bulb,synthetic
2026-01-01 10:19:17,230.0,0.038,8.8,2.4e-06,ON,LED_Bulb,synthetic
2026-01-01 10:19:18,229.3,0.04,9.2,2.6e-06,ON,LED_Bulb,synthetic
2026-01-01 10:19:19,231.2,0.038,8.8,2.4e-06,ON,LED_Bulb,synthetic
2026-01-01 10:19:20,230.7,0.04,9.3,2.6e-06,ON,LED_Bulb,synthetic
2026-01-01 10:19:21,230.0,0.0,0.0,0.0,OFF,LED_Bulb,synthetic
2026-01-01 10:19:22,229.3,0.039,9.0,2.5e-06,ON,LED_Bulb,synthetic
2026-01-01 10:19:23,228.7,0.04,9.1,2.5e-06,ON,LED_Bulb,synthetic
2026-01-01 10:19:24,230.0,0.001,0.2,1e-07,OFF,LED_Bulb,synthetic
2026-01-01 10:19:25,230.0,0.04,9.1,2.5e-06,ON,LED_Bulb,synthetic
2026-01-01 10:19:26,230.3,0.0,0.1,0.0,OFF,LED_Bulb,synthetic
2026-01-01 10:19:27,230.5,0.039,8.9,2.5e-06,ON,LED_Bulb,synthetic
2026-01-01 10:19:28,230.3,0.039,9.0,2.5e-06,ON,LED_Bulb,synthetic
2026-01-01 10:19:29,231.0,0.04,9.2,2.6e-06,ON,LED_Bulb,synthetic
2026-01-01 10:19:30,230.8,0.038,8.9,2.5e-06,ON,LED_Bulb,synthetic
2026-01-01 10:19:31,230.5,0.039,9.0,2.5e-06,ON,LED_Bulb,synthetic
2026-01-01 10:19:32,231.4,0.038,8.8,2.4e-06,ON,LED_Bulb,synthetic
2026-01-01 10:19:33,230.0,0.04,9.2,2.6e-06,ON,LED_Bulb,synthetic
2026-01-01 10:19:34,231.4,0.041,9.6,2.7e-06,ON,LED_Bulb,synthetic
2026-01-01 10:19:35,230.2,0.001,0.2,0.0,OFF,LED_Bulb,synthetic
2026-01-01 10:19:36,231.2,0.04,9.1,2.5e-06,ON,LED_Bulb,synthetic
2026-01-01 10:19:37,228.8,0.042,9.5,2.7e-06,ON,LED_Bulb,synthetic
2026-01-01 10:19:38,230.7,0.039,9.0,2.5e-06,ON,LED_Bulb,synthetic
2026-01-01 10:19:39,229.1,0.039,9.0,2.5e-06,ON,LED_Bulb,synthetic
2026-01-01 10:19:40,230.1,0.041,9.4,2.6e-06,ON,LED_Bulb,synthetic
2026-01-01 10:19:41,230.8,0.04,9.2,2.5e-06,ON,LED_Bulb,synthetic
2026-01-01 10:19:42,229.3,0.041,9.5,2.6e-06,ON,LED_Bulb,synthetic
2026-01-01 10:19:43,230.5,0.0,0.1,0.0,OFF,LED_Bulb,synthetic
2026-01-01 10:19:44,229.0,0.041,9.5,2.6e-06,ON,LED_Bulb,synthetic
2026-01-01 10:19:45,230.5,0.038,8.8,2.5e-06,ON,LED_Bulb,synthetic
2026-01-01 10:19:46,229.8,0.039,8.9,2.5e-06,ON,LED_Bulb,synthetic
2026-01-01 10:19:47,230.1,0.039,8.9,2.5e-06,ON,LED_Bulb,synthetic
2026-01-01 10:19:48,229.5,0.0,0.0,0.0,OFF,LED_Bulb,synthetic
2026-01-01 10:19:49,230.2,0.001,0.1,0.0,OFF,LED_Bulb,synthetic
2026-01-01 10:19:50,228.9,0.042,9.5,2.7e-06,ON,LED_Bulb,synthetic
2026-01-01 10:19:51,228.8,0.041,9.4,2.6e-06,ON,LED_Bulb,synthetic
2026-01-01 10:19:52,230.8,0.038,8.8,2.4e-06,ON,LED_Bulb,synthetic
2026-01-01 10:19:53,229.3,0.038,8.8,2.4e-06,ON,LED_Bulb,synthetic
2026-01-01 10:19:54,228.8,0.04,9.1,2.5e-06,ON,LED_Bulb,synthetic
2026-01-01 10:19:55,230.5,0.041,9.5,2.6e-06,ON,LED_Bulb,synthetic
2026-01-01 10:19:56,231.5,0.04,9.2,2.6e-06,ON,LED_Bulb,synthetic
2026-01-01 10:19:57,230.1,0.042,9.6,2.7e-06,ON,LED_Bulb,synthetic
2026-01-01 10:19:58,229.5,0.04,9.2,2.6e-06,ON,LED_Bulb,synthetic
2026-01-01 10:19:59,229.1,0.039,8.9,2.5e-06,ON,LED_Bulb,synthetic
2026-01-01 10:20:00,231.4,0.001,0.2,1e-07,OFF,LED_Bulb,synthetic
2026-01-01 10:20:01,230.8,0.0,0.0,0.0,OFF,LED_Bulb,synthetic
2026-01-01 10:20:02,231.5,0.039,9.1,2.5e-06,ON,LED_Bulb,synthetic
2026-01-01 10:20:03,228.9,0.041,9.5,2.6e-06,ON,LED_Bulb,synthetic
2026-01-01 10:20:04,231.1,0.0,0.1,0.0,OFF,LED_Bulb,synthetic
2026-01-01 10:20:05,230.7,0.038,8.8,2.5e-06,ON,LED_Bulb,synthetic
2026-01-01 10:20:06,229.7,0.039,8.9,2.5e-06,ON,LED_Bulb,synthetic
2026-01-01 10:20:07,230.1,0.041,9.5,2.6e-06,ON,LED_Bulb,synthetic
2026-01-01 10:20:08,230.6,0.041,9.6,2.7e-06,ON,LED_Bulb,synthetic
2026-01-01 10:20:09,231.1,0.039,9.0,2.5e-06,ON,LED_Bulb,synthetic
2026-01-01 10:20:10,230.3,0.039,8.9,2.5e-06,ON,LED_Bulb,synthetic
2026-01-01 10:20:11,229.1,0.041,9.3,2.6e-06,ON,LED_Bulb,synthetic
2026-01-01 10:20:12,228.7,0.039,8.8,2.4e-06,ON,LED_Bulb,synthetic
2026-01-01 10:20:13,231.3,0.039,9.0,2.5e-06,ON,LED_Bulb,synthetic
2026-01-01 10:20:14,231.1,0.04,9.3,2.6e-06,ON,LED_Bulb,synthetic
2026-01-01 10:20:15,231.0,0.039,9.1,2.5e-06,ON,LED_Bulb,synthetic
2026-01-01 10:20:16,229.5,0.0,0.1,0.0,OFF,LED_Bulb,synthetic
2026-01-01 10:20:17,229.2,0.042,9.6,2.7e-06,ON,LED_Bulb,synthetic
2026-01-01 10:20:18,230.9,0.04,9.2,2.6e-06,ON,LED_Bulb,synthetic
2026-01-01 10:20:19,230.0,0.041,9.4,2.6e-06,ON,LED_Bulb,synthetic
2026-01-01 10:20:20,229.4,0.039,9.0,2.5e-06,ON,LED_Bulb,synthetic
2026-01-01 10:20:21,228.7,0.04,9.2,2.6e-06,ON,LED_Bulb,synthetic
2026-01-01 10:20:22,231.3,0.041,9.6,2.7e-06,ON,LED_Bulb,synthetic
2026-01-01 10:20:23,229.2,0.041,9.4,2.6e-06,ON,LED_Bulb,synthetic
2026-01-01 10:20:24,228.9,0.041,9.4,2.6e-06,ON,LED_Bulb,synthetic
2026-01-01 10:20:25,229.0,0.04,9.2,2.5e-06,ON,LED_Bulb,synthetic
2026-01-01 10:20:26,229.2,0.04,9.2,2.6e-06,ON,LED_Bulb,synthetic
2026-01-01 10:20:27,231.3,0.04,9.3,2.6e-06,ON,LED_Bulb,synthetic
2026-01-01 10:20:28,229.3,0.04,9.2,2.6e-06,ON,LED_Bulb,synthetic
2026-01-01 10:20:29,230.8,0.039,9.0,2.5e-06,ON,LED_Bulb,synthetic
2026-01-01 10:20:30,229.5,0.04,9.1,2.5e-06,ON,LED_Bulb,synthetic
2026-01-01 10:20:31,229.6,0.039,8.9,2.5e-06,ON,LED_Bulb,synthetic
2026-01-01 10:20:32,230.5,0.041,9.6,2.7e-06,ON,LED_Bulb,synthetic
2026-01-01 10:20:33,231.0,0.04,9.3,2.6e-06,ON,LED_Bulb,synthetic
2026-01-01 10:20:34,229.6,0.041,9.5,2.6e-06,ON,LED_Bulb,synthetic
2026-01-01 10:20:35,231.2,0.041,9.4,2.6e-06,ON,LED_Bulb,synthetic
2026-01-01 10:20:36,230.4,0.04,9.2,2.6e-06,ON,LED_Bulb,synthetic
2026-01-01 10:20:37,229.0,0.038,8.7,2.4e-06,ON,LED_Bulb,synthetic
2026-01-01 10:20:38,228.6,0.039,8.9,2.5e-06,ON,LED_Bulb,synthetic
2026-01-01 10:20:39,230.3,0.041,9.5,2.6e-06,ON,LED_Bulb,synthetic
2026-01-01 10:20:40,229.4,0.04,9.1,2.5e-06,ON,LED_Bulb,synthetic
2026-01-01 10:20:41,230.9,0.0,0.0,0.0,OFF,LED_Bulb,synthetic
2026-01-01 10:20:42,228.7,0.038,8.7,2.4e-06,ON,LED_Bulb,synthetic
2026-01-01 10:20:43,231.0,0.042,9.7,2.7e-06,ON,LED_Bulb,synthetic
2026-01-01 10:20:44,230.4,0.0,0.0,0.0,OFF,LED_Bulb,synthetic
2026-01-01 10:20:45,229.9,0.04,9.1,2.5e-06,ON,LED_Bulb,synthetic
2026-01-01 10:20:46,230.8,0.042,9.6,2.7e-06,ON,LED_Bulb,synthetic
2026-01-01 10:20:47,228.7,0.04,9.1,2.5e-06,ON,LED_Bulb,synthetic
2026-01-01 10:20:48,229.3,0.042,9.6,2.7e-06,ON,LED_Bulb,synthetic
2026-01-01 10:20:49,229.5,0.042,9.5,2.6e-06,ON,LED_Bulb,synthetic
2026-01-01 10:20:50,230.0,0.04,9.1,2.5e-06,ON,LED_Bulb,synthetic
2026-01-01 10:20:51,230.9,0.042,9.7,2.7e-06,ON,LED_Bulb,synthetic
2026-01-01 10:20:52,231.2,0.001,0.2,1e-07,OFF,LED_Bulb,synthetic
2026-01-01 10:20:53,231.4,0.041,9.5,2.6e-06,ON,LED_Bulb,synthetic
2026-01-01 10:20:54,230.4,0.001,0.1,0.0,OFF,LED_Bulb,synthetic
2026-01-01 10:20:55,228.5,0.042,9.5,2.6e-06,ON,LED_Bulb,synthetic
2026-01-01 10:20:56,230.3,0.04,9.2,2.6e-06,ON,LED_Bulb,synthetic
2026-01-01 10:20:57,231.1,0.04,9.3,2.6e-06,ON,LED_Bulb,synthetic
2026-01-01 10:20:58,231.1,0.039,8.9,2.5e-06,ON,LED_Bulb,synthetic
2026-01-01 10:20:59,230.9,0.042,9.6,2.7e-06,ON,LED_Bulb,synthetic
2026-01-01 10:21:00,231.1,0.001,0.2,1e-07,OFF,LED_Bulb,synthetic
2026-01-01 10:21:01,229.3,0.039,8.9,2.5e-06,ON,LED_Bulb,synthetic
2026-01-01 10:21:02,230.4,0.042,9.6,2.7e-06,ON,LED_Bulb,synthetic
2026-01-01 10:21:03,230.0,0.038,8.8,2.4e-06,ON,LED_Bulb,synthetic
2026-01-01 10:21:04,230.2,0.041,9.5,2.6e-06,ON,LED_Bulb,synthetic
2026-01-01 10:21:05,231.2,0.001,0.2,1e-07,OFF,LED_Bulb,synthetic
2026-01-01 10:21:06,230.8,0.041,9.4,2.6e-06,ON,LED_Bulb,synthetic
2026-01-01 10:21:07,230.0,0.041,9.5,2.6e-06,ON,LED_Bulb,synthetic
2026-01-01 10:21:08,230.9,0.042,9.6,2.7e-06,ON,LED_Bulb,synthetic
2026-01-01 10:21:09,229.5,0.04,9.1,2.5e-06,ON,LED_Bulb,synthetic
2026-01-01 10:21:10,229.0,0.042,9.6,2.7e-06,ON,LED_Bulb,synthetic
2026-01-01 10:21:11,230.6,0.041,9.4,2.6e-06,ON,LED_Bulb,synthetic
2026-01-01 10:21:12,230.4,0.04,9.3,2.6e-06,ON,LED_Bulb,synthetic
2026-01-01 10:21:13,229.7,0.042,9.6,2.7e-06,ON,LED_Bulb,synthetic
2026-01-01 10:21:14,231.0,0.038,8.9,2.5e-06,ON,LED_Bulb,synthetic
2026-01-01 10:21:15,229.9,0.041,9.3,2.6e-06,ON,LED_Bulb,synthetic
2026-01-01 10:21:16,229.2,0.039,9.0,2.5e-06,ON,LED_Bulb,synthetic
2026-01-01 10:21:17,231.5,0.04,9.4,2.6e-06,ON,LED_Bulb,synthetic
2026-01-01 10:21:18,229.0,0.001,0.2,1e-07,OFF,LED_Bulb,synthetic
2026-01-01 10:21:19,230.8,0.001,0.2,0.0,OFF,LED_Bulb,synthetic
2026-01-01 10:21:20,228.8,0.001,0.2,1e-07,OFF,LED_Bulb,synthetic
2026-01-01 10:21:21,229.0,0.038,8.7,2.4e-06,ON,LED_Bulb,synthetic
2026-01-01 10:21:22,230.8,0.0,0.0,0.0,OFF,LED_Bulb,synthetic
2026-01-01 10:21:23,230.7,0.042,9.7,2.7e-06,ON,LED_Bulb,synthetic
2026-01-01 10:21:24,228.9,0.041,9.3,2.6e-06,ON,LED_Bulb,synthetic
2026-01-01 10:21:25,231.2,0.039,9.0,2.5e-06,ON,LED_Bulb,synthetic
2026-01-01 10:21:26,229.3,0.0,0.0,0.0,OFF,LED_Bulb,synthetic
2026-01-01 10:21:27,231.1,0.039,9.0,2.5e-06,ON,LED_Bulb,synthetic
2026-01-01 10:21:28,230.5,0.038,8.9,2.5e-06,ON,LED_Bulb,synthetic
2026-01-01 10:21:29,229.8,0.041,9.5,2.6e-06,ON,LED_Bulb,synthetic
2026-01-01 10:21:30,229.0,0.038,8.7,2.4e-06,ON,LED_Bulb,synthetic
2026-01-01 10:21:31,230.5,0.04,9.3,2.6e-06,ON,LED_Bulb,synthetic
2026-01-01 10:21:32,229.6,0.041,9.4,2.6e-06,ON,LED_Bulb,synthetic
2026-01-01 10:21:33,230.5,0.0,0.1,0.0,OFF,LED_Bulb,synthetic
2026-01-01 10:21:34,230.2,0.039,8.9,2.5e-06,ON,LED_Bulb,synthetic
2026-01-01 10:21:35,229.2,0.042,9.5,2.6e-06,ON,LED_Bulb,synthetic
2026-01-01 10:21:36,229.6,0.039,8.9,2.5e-06,ON,LED_Bulb,synthetic
2026-01-01 10:21:37,228.7,0.042,9.5,2.6e-06,ON,LED_Bulb,synthetic
2026-01-01 10:21:38,228.9,0.042,9.6,2.7e-06,ON,LED_Bulb,synthetic
2026-01-01 10:21:39,230.0,0.041,9.4,2.6e-06,ON,LED_Bulb,synthetic
2026-01-01 10:21:40,231.4,0.039,9.1,2.5e-06,ON,LED_Bulb,synthetic
2026-01-01 10:21:41,230.3,0.04,9.3,2.6e-06,ON,LED_Bulb,synthetic
2026-01-01 10:21:42,229.5,0.001,0.2,1e-07,OFF,LED_Bulb,synthetic
2026-01-01 10:21:43,230.7,0.0,0.0,0.0,OFF,LED_Bulb,synthetic
2026-01-01 10:21:44,228.7,0.04,9.1,2.5e-06,ON,LED_Bulb,synthetic
2026-01-01 10:21:45,230.7,0.038,8.8,2.4e-06,ON,LED_Bulb,synthetic
2026-01-01 10:21:46,231.2,0.038,8.8,2.5e-06,ON,LED_Bulb,synthetic
2026-01-01 10:21:47,230.7,0.039,9.1,2.5e-06,ON,LED_Bulb,synthetic
2026-01-01 10:21:48,228.7,0.038,8.7,2.4e-06,ON,LED_Bulb,synthetic
2026-01-01 10:21:49,228.9,0.041,9.5,2.6e-06,ON,LED_Bulb,synthetic
2026-01-01 10:21:50,231.2,0.041,9.5,2.6e-06,ON,LED_Bulb,synthetic
2026-01-01 10:21:51,230.9,0.038,8.9,2.5e-06,ON,LED_Bulb,synthetic
2026-01-01 10:21:52,228.8,0.039,8.8,2.5e-06,ON,LED_Bulb,synthetic
2026-01-01 10:21:53,231.5,0.038,8.9,2.5e-06,ON,LED_Bulb,synthetic
2026-01-01 10:21:54,228.7,0.042,9.5,2.7e-06,ON,LED_Bulb,synthetic
2026-01-01 10:21:55,229.3,0.038,8.8,2.4e-06,ON,LED_Bulb,synthetic
2026-01-01 10:21:56,231.1,0.041,9.4,2.6e-06,ON,LED_Bulb,synthetic
2026-01-01 10:21:57,229.8,0.04,9.1,2.5e-06,ON,LED_Bulb,synthetic
2026-01-01 10:21:58,230.4,0.039,8.9,2.5e-06,ON,LED_Bulb,synthetic
2026-01-01 10:21:59,229.9,0.04,9.1,2.5e-06,ON,LED_Bulb,synthetic
2026-01-01 10:22:00,230.5,0.001,0.2,1e-07,OFF,LED_Bulb,synthetic
2026-01-01 10:22:01,230.6,0.042,9.6,2.7e-06,ON,LED_Bulb,synthetic
2026-01-01 10:22:02,230.3,0.0,0.1,0.0,OFF,LED_Bulb,synthetic
2026-01-01 10:22:03,229.8,0.042,9.6,2.7e-06,ON,LED_Bulb,synthetic
2026-01-01 10:22:04,230.6,0.039,9.0,2.5e-06,ON,LED_Bulb,synthetic
2026-01-01 10:22:05,231.1,0.04,9.2,2.5e-06,ON,LED_Bulb,synthetic
2026-01-01 10:22:06,228.7,0.038,8.8,2.4e-06,ON,LED_Bulb,synthetic
2026-01-01 10:22:07,229.7,0.038,8.8,2.4e-06,ON,LED_Bulb,synthetic
2026-01-01 10:22:08,229.1,0.04,9.2,2.6e-06,ON,LED_Bulb,synthetic
2026-01-01 10:22:09,228.8,0.042,9.6,2.7e-06,ON,LED_Bulb,synthetic
2026-01-01 10:22:10,231.1,0.039,8.9,2.5e-06,ON,LED_Bulb,synthetic
2026-01-01 10:22:11,230.0,0.038,8.8,2.4e-06,ON,LED_Bulb,synthetic
2026-01-01 10:22:12,230.0,0.042,9.5,2.7e-06,ON,LED_Bulb,synthetic
2026-01-01 10:22:13,228.7,0.0,0.1,0.0,OFF,LED_Bulb,synthetic
2026-01-01 10:22:14,228.7,0.04,9.2,2.5e-06,ON,LED_Bulb,synthetic
2026-01-01 10:22:15,230.4,0.038,8.8,2.5e-06,ON,LED_Bulb,synthetic
2026-01-01 10:22:16,231.2,0.0,0.0,0.0,OFF,LED_Bulb,synthetic
2026-01-01 10:22:17,231.2,0.039,9.1,2.5e-06,ON,LED_Bulb,synthetic
2026-01-01 10:22:18,229.8,0.042,9.6,2.7e-06,ON,LED_Bulb,synthetic
2026-01-01 10:22:19,229.4,0.001,0.2,1e-07,OFF,LED_Bulb,synthetic
2026-01-01 10:22:20,230.4,0.04,9.2,2.6e-06,ON,LED_Bulb,synthetic
2026-01-01 10:22:21,229.8,0.038,8.8,2.4e-06,ON,LED_Bulb,synthetic
2026-01-01 10:22:22,230.7,0.039,9.1,2.5e-06,ON,LED_Bulb,synthetic
2026-01-01 10:22:23,230.6,0.041,9.4,2.6e-06,ON,LED_Bulb,synthetic
2026-01-01 10:22:24,228.9,0.041,9.4,2.6e-06,ON,LED_Bulb,synthetic
2026-01-01 10:22:25,228.5,0.041,9.4,2.6e-06,ON,LED_Bulb,synthetic
2026-01-01 10:22:26,228.9,0.04,9.1,2.5e-06,ON,LED_Bulb,synthetic
2026-01-01 10:22:27,229.0,0.039,9.0,2.5e-06,ON,LED_Bulb,synthetic
2026-01-01 10:22:28,230.4,0.042,9.7,2.7e-06,ON,LED_Bulb,synthetic
2026-01-01 10:22:29,229.9,0.039,9.0,2.5e-06,ON,LED_Bulb,synthetic
2026-01-01 10:22:30,228.5,0.001,0.2,0.0,OFF,LED_Bulb,synthetic
2026-01-01 10:22:31,231.3,0.001,0.1,0.0,OFF,LED_Bulb,synthetic
2026-01-01 10:22:32,229.2,0.039,9.0,2.5e-06,ON,LED_Bulb,synthetic
2026-01-01 10:22:33,229.4,0.041,9.3,2.6e-06,ON,LED_Bulb,synthetic
2026-01-01 10:22:34,230.9,0.04,9.3,2.6e-06,ON,LED_Bulb,synthetic
2026-01-01 10:22:35,230.7,0.041,9.4,2.6e-06,ON,LED_Bulb,synthetic
2026-01-01 10:22:36,231.2,0.038,8.9,2.5e-06,ON,LED_Bulb,synthetic
2026-01-01 10:22:37,229.3,0.038,8.8,2.4e-06,ON,LED_Bulb,synthetic
2026-01-01 10:22:38,229.5,0.041,9.3,2.6e-06,ON,LED_Bulb,synthetic
2026-01-01 10:22:39,230.0,0.038,8.8,2.4e-06,ON,LED_Bulb,synthetic
2026-01-01 10:22:40,229.0,0.001,0.1,0.0,OFF,LED_Bulb,synthetic
2026-01-01 10:22:41,231.4,0.04,9.3,2.6e-06,ON,LED_Bulb,synthetic
2026-01-01 10:22:42,231.0,0.038,8.8,2.4e-06,ON,LED_Bulb,synthetic
2026-01-01 10:22:43,231.3,0.04,9.2,2.6e-06,ON,LED_Bulb,synthetic
2026-01-01 10:22:44,228.6,0.04,9.1,2.5e-06,ON,LED_Bulb,synthetic
2026-01-01 10:22:45,229.5,0.0,0.0,0.0,OFF,LED_Bulb,synthetic
2026-01-01 10:22:46,230.2,0.041,9.3,2.6e-06,ON,LED_Bulb,synthetic
2026-01-01 10:22:47,231.4,0.042,9.7,2.7e-06,ON,LED_Bulb,synthetic
2026-01-01 10:22:48,230.4,0.04,9.2,2.6e-06,ON,LED_Bulb,synthetic
2026-01-01 10:22:49,230.5,0.041,9.4,2.6e-06,ON,LED_Bulb,synthetic
2026-01-01 10:22:50,228.5,0.001,0.2,0.0,OFF,LED_Bulb,synthetic
2026-01-01 10:22:51,228.5,0.0,0.1,0.0,OFF,LED_Bulb,synthetic
2026-01-01 10:22:52,229.7,0.039,8.8,2.5e-06,ON,LED_Bulb,synthetic
2026-01-01 10:22:53,230.5,0.039,8.9,2.5e-06,ON,LED_Bulb,synthetic
2026-01-01 10:22:54,229.0,0.041,9.3,2.6e-06,ON,LED_Bulb,synthetic
2026-01-01 10:22:55,229.4,0.042,9.6,2.7e-06,ON,LED_Bulb,synthetic
2026-01-01 10:22:56,231.3,0.04,9.2,2.6e-06,ON,LED_Bulb,synthetic
2026-01-01 10:22:57,228.8,0.04,9.2,2.6e-06,ON,LED_Bulb,synthetic
2026-01-01 10:22:58,229.7,0.039,9.0,2.5e-06,ON,LED_Bulb,synthetic
2026-01-01 10:22:59,230.5,0.039,9.1,2.5e-06,ON,LED_Bulb,synthetic
2026-01-01 10:23:00,229.7,0.0,0.1,0.0,OFF,LED_Bulb,synthetic
2026-01-01 10:23:01,230.8,0.039,9.0,2.5e-06,ON,LED_Bulb,synthetic
2026-01-01 10:23:02,230.6,0.041,9.5,2.6e-06,ON,LED_Bulb,synthetic
2026-01-01 10:23:03,231.0,0.0,0.0,0.0,OFF,LED_Bulb,synthetic
2026-01-01 10:23:04,231.3,0.038,8.8,2.5e-06,ON,LED_Bulb,synthetic
2026-01-01 10:23:05,229.7,0.04,9.2,2.5e-06,ON,LED_Bulb,synthetic
2026-01-01 10:23:06,230.7,0.042,9.7,2.7e-06,ON,LED_Bulb,synthetic
2026-01-01 10:23:07,231.2,0.041,9.4,2.6e-06,ON,LED_Bulb,synthetic
2026-01-01 10:23:08,228.6,0.039,9.0,2.5e-06,ON,LED_Bulb,synthetic
2026-01-01 10:23:09,230.3,0.042,9.6,2.7e-06,ON,LED_Bulb,synthetic
2026-01-01 10:23:10,228.6,0.042,9.6,2.7e-06,ON,LED_Bulb,synthetic
2026-01-01 10:23:11,231.4,0.041,9.4,2.6e-06,ON,LED_Bulb,synthetic
2026-01-01 10:23:12,229.1,0.041,9.3,2.6e-06,ON,LED_Bulb,synthetic
2026-01-01 10:23:13,229.8,0.04,9.2,2.5e-06,ON,LED_Bulb,synthetic
2026-01-01 10:23:14,231.0,0.04,9.2,2.6e-06,ON,LED_Bulb,synthetic
2026-01-01 10:23:15,230.8,0.041,9.5,2.6e-06,ON,LED_Bulb,synthetic
2026-01-01 10:23:16,229.5,0.04,9.2,2.6e-06,ON,LED_Bulb,synthetic
2026-01-01 10:23:17,231.1,0.041,9.5,2.6e-06,ON,LED_Bulb,synthetic
2026-01-01 10:23:18,229.1,0.04,9.1,2.5e-06,ON,LED_Bulb,synthetic
2026-01-01 10:23:19,229.8,0.039,9.1,2.5e-06,ON,LED_Bulb,synthetic
2026-01-01 10:23:20,231.0,0.041,9.4,2.6e-06,ON,LED_Bulb,synthetic
2026-01-01 10:23:21,230.5,0.0,0.0,0.0,OFF,LED_Bulb,synthetic
2026-01-01 10:23:22,230.8,0.04,9.1,2.5e-06,ON,LED_Bulb,synthetic
2026-01-01 10:23:23,228.7,0.041,9.5,2.6e-06,ON,LED_Bulb,synthetic
2026-01-01 10:23:24,230.4,0.039,9.0,2.5e-06,ON,LED_Bulb,synthetic
2026-01-01 10:23:25,229.5,0.039,8.9,2.5e-06,ON,LED_Bulb,synthetic
2026-01-01 10:23:26,230.6,0.042,9.6,2.7e-06,ON,LED_Bulb,synthetic
2026-01-01 10:23:27,228.9,0.041,9.4,2.6e-06,ON,LED_Bulb,synthetic
2026-01-01 10:23:28,229.3,0.04,9.2,2.6e-06,ON,LED_Bulb,synthetic
2026-01-01 10:23:29,231.4,0.042,9.6,2.7e-06,ON,LED_Bulb,synthetic
2026-01-01 10:23:30,230.7,0.039,8.9,2.5e-06,ON,LED_Bulb,synthetic
2026-01-01 10:23:31,228.9,0.038,8.8,2.4e-06,ON,LED_Bulb,synthetic
2026-01-01 10:23:32,230.8,0.039,8.9,2.5e-06,ON,LED_Bulb,synthetic
2026-01-01 10:23:33,230.8,0.038,8.8,2.4e-06,ON,LED_Bulb,synthetic
2026-01-01 10:23:34,229.5,0.041,9.3,2.6e-06,ON,LED_Bulb,synthetic
2026-01-01 10:23:35,230.8,0.039,8.9,2.5e-06,ON,LED_Bulb,synthetic
2026-01-01 10:23:36,230.6,0.041,9.5,2.6e-06,ON,LED_Bulb,synthetic
2026-01-01 10:23:37,228.9,0.04,9.0,2.5e-06,ON,LED_Bulb,synthetic
2026-01-01 10:23:38,228.5,0.041,9.3,2.6e-06,ON,LED_Bulb,synthetic
2026-01-01 10:23:39,228.5,0.001,0.1,0.0,OFF,LED_Bulb,synthetic
2026-01-01 10:23:40,230.6,0.0,0.1,0.0,OFF,LED_Bulb,synthetic
2026-01-01 10:23:41,229.6,0.0,0.0,0.0,OFF,LED_Bulb,synthetic
2026-01-01 10:23:42,230.7,0.039,8.9,2.5e-06,ON,LED_Bulb,synthetic
2026-01-01 10:23:43,228.5,0.039,8.9,2.5e-06,ON,LED_Bulb,synthetic
2026-01-01 10:23:44,228.6,0.04,9.1,2.5e-06,ON,LED_Bulb,synthetic
2026-01-01 10:23:45,231.2,0.041,9.5,2.6e-06,ON,LED_Bulb,synthetic
2026-01-01 10:23:46,230.1,0.039,9.0,2.5e-06,ON,LED_Bulb,synthetic
2026-01-01 10:23:47,228.9,0.039,9.0,2.5e-06,ON,LED_Bulb,synthetic
2026-01-01 10:23:48,230.6,0.04,9.3,2.6e-06,ON,LED_Bulb,synthetic
2026-01-01 10:23:49,230.6,0.04,9.2,2.5e-06,ON,LED_Bulb,synthetic
2026-01-01 10:23:50,230.1,0.04,9.3,2.6e-06,ON,LED_Bulb,synthetic
2026-01-01 10:23:51,229.6,0.04,9.3,2.6e-06,ON,LED_Bulb,synthetic
2026-01-01 10:23:52,231.5,0.039,8.9,2.5e-06,ON,LED_Bulb,synthetic
2026-01-01 10:23:53,229.1,0.04,9.1,2.5e-06,ON,LED_Bulb,synthetic
2026-01-01 10:23:54,231.5,0.042,9.7,2.7e-06,ON,LED_Bulb,synthetic
2026-01-01 10:23:55,228.8,0.041,9.4,2.6e-06,ON,LED_Bulb,synthetic
2026-01-01 10:23:56,228.5,0.001,0.1,0.0,OFF,LED_Bulb,synthetic
2026-01-01 10:23:57,229.1,0.039,8.8,2.5e-06,ON,LED_Bulb,synthetic
2026-01-01 10:23:58,228.6,0.04,9.1,2.5e-06,ON,LED_Bulb,synthetic
2026-01-01 10:23:59,229.4,0.041,9.4,2.6e-06,ON,LED_Bulb,synthetic
2026-01-01 10:24:00,229.6,0.04,9.2,2.5e-06,ON,LED_Bulb,synthetic
2026-01-01 10:24:01,230.6,0.041,9.4,2.6e-06,ON,LED_Bulb,synthetic
2026-01-01 10:24:02,228.9,0.0,0.1,0.0,OFF,LED_Bulb,synthetic
2026-01-01 10:24:03,230.1,0.04,9.2,2.6e-06,ON,LED_Bulb,synthetic
2026-01-01 10:24:04,229.3,0.04,9.1,2.5e-06,ON,LED_Bulb,synthetic
2026-01-01 10:24:05,231.2,0.041,9.5,2.6e-06,ON,LED_Bulb,synthetic
2026-01-01 10:24:06,229.2,0.0,0.0,0.0,OFF,LED_Bulb,synthetic
2026-01-01 10:24:07,229.8,0.042,9.5,2.7e-06,ON,LED_Bulb,synthetic
2026-01-01 10:24:08,229.4,0.04,9.2,2.6e-06,ON,LED_Bulb,synthetic
2026-01-01 10:24:09,230.8,0.042,9.7,2.7e-06,ON,LED_Bulb,synthetic
2026-01-01 10:24:10,228.5,0.0,0.0,0.0,OFF,LED_Bulb,synthetic
2026-01-01 10:24:11,228.5,0.039,9.0,2.5e-06,ON,LED_Bulb,synthetic
2026-01-01 10:24:12,230.4,0.038,8.8,2.5e-06,ON,LED_Bulb,synthetic
2026-01-01 10:24:13,228.9,0.042,9.6,2.7e-06,ON,LED_Bulb,synthetic
2026-01-01 10:24:14,229.1,0.04,9.1,2.5e-06,ON,LED_Bulb,synthetic
2026-01-01 10:24:15,229.7,0.001,0.1,0.0,OFF,LED_Bulb,synthetic
2026-01-01 10:24:16,230.6,0.04,9.2,2.6e-06,ON,LED_Bulb,synthetic
2026-01-01 10:24:17,229.1,0.041,9.3,2.6e-06,ON,LED_Bulb,synthetic
2026-01-01 10:24:18,231.1,0.001,0.1,0.0,OFF,LED_Bulb,synthetic
2026-01-01 10:24:19,230.3,0.001,0.2,0.0,OFF,LED_Bulb,synthetic
2026-01-01 10:24:20,230.7,0.0,0.1,0.0,OFF,LED_Bulb,synthetic
2026-01-01 10:24:21,229.5,0.041,9.3,2.6e-06,ON,LED_Bulb,synthetic
2026-01-01 10:24:22,230.0,0.039,8.9,2.5e-06,ON,LED_Bulb,synthetic
2026-01-01 10:24:23,230.2,0.001,0.2,1e-07,OFF,LED_Bulb,synthetic
2026-01-01 10:24:24,229.0,0.04,9.1,2.5e-06,ON,LED_Bulb,synthetic
2026-01-01 10:24:25,231.3,0.039,8.9,2.5e-06,ON,LED_Bulb,synthetic
2026-01-01 10:24:26,231.2,0.04,9.2,2.6e-06,ON,LED_Bulb,synthetic
2026-01-01 10:24:27,229.2,0.0,0.0,0.0,OFF,LED_Bulb,synthetic
2026-01-01 10:24:28,229.7,0.039,9.0,2.5e-06,ON,LED_Bulb,synthetic
2026-01-01 10:24:29,229.5,0.0,0.1,0.0,OFF,LED_Bulb,synthetic
2026-01-01 10:24:30,231.2,0.041,9.4,2.6e-06,ON,LED_Bulb,synthetic
2026-01-01 10:24:31,228.9,0.039,8.9,2.5e-06,ON,LED_Bulb,synthetic
2026-01-01 10:24:32,229.4,0.04,9.3,2.6e-06,ON,LED_Bulb,synthetic
2026-01-01 10:24:33,230.9,0.04,9.2,2.6e-06,ON,LED_Bulb,synthetic
2026-01-01 10:24:34,231.3,0.039,9.1,2.5e-06,ON,LED_Bulb,synthetic
2026-01-01 10:24:35,229.1,0.038,8.8,2.4e-06,ON,LED_Bulb,synthetic
2026-01-01 10:24:36,231.3,0.04,9.1,2.5e-06,ON,LED_Bulb,synthetic
2026-01-01 10:24:37,230.3,0.0,0.0,0.0,OFF,LED_Bulb,synthetic
2026-01-01 10:24:38,229.0,0.039,8.8,2.5e-06,ON,LED_Bulb,synthetic
2026-01-01 10:24:39,228.8,0.0,0.1,0.0,OFF,LED_Bulb,synthetic
2026-01-01 10:24:40,231.2,0.041,9.5,2.6e-06,ON,LED_Bulb,synthetic
2026-01-01 10:24:41,229.3,0.04,9.1,2.5e-06,ON,LED_Bulb,synthetic
2026-01-01 10:24:42,229.9,0.04,9.2,2.5e-06,ON,LED_Bulb,synthetic
2026-01-01 10:24:43,229.2,0.038,8.8,2.4e-06,ON,LED_Bulb,synthetic
2026-01-01 10:24:44,230.2,0.041,9.3,2.6e-06,ON,LED_Bulb,synthetic
2026-01-01 10:24:45,230.3,0.0,0.1,0.0,OFF,LED_Bulb,synthetic
2026-01-01 10:24:46,231.4,0.039,8.9,2.5e-06,ON,LED_Bulb,synthetic
2026-01-01 10:24:47,231.4,0.04,9.3,2.6e-06,ON,LED_Bulb,synthetic
2026-01-01 10:24:48,230.6,0.04,9.3,2.6e-06,ON,LED_Bulb,synthetic
2026-01-01 10:24:49,228.5,0.039,8.8,2.4e-06,ON,LED_Bulb,synthetic
2026-01-01 10:24:50,228.8,0.001,0.2,1e-07,OFF,LED_Bulb,synthetic
2026-01-01 10:24:51,230.1,0.039,8.9,2.5e-06,ON,LED_Bulb,synthetic
2026-01-01 10:24:52,231.1,0.042,9.7,2.7e-06,ON,LED_Bulb,synthetic
2026-01-01 10:24:53,229.8,0.04,9.3,2.6e-06,ON,LED_Bulb,synthetic
2026-01-01 10:24:54,229.9,0.001,0.1,0.0,OFF,LED_Bulb,synthetic
2026-01-01 10:24:55,230.1,0.04,9.2,2.6e-06,ON,LED_Bulb,synthetic
2026-01-01 10:24:56,231.1,0.041,9.4,2.6e-06,ON,LED_Bulb,synthetic
2026-01-01 10:24:57,230.2,0.0,0.1,0.0,OFF,LED_Bulb,synthetic
2026-01-01 10:24:58,231.1,0.041,9.6,2.7e-06,ON,LED_Bulb,synthetic
2026-01-01 10:24:59,229.3,0.001,0.2,1e-07,OFF,LED_Bulb,synthetic
